Date,Home,Home Score,Away,Away Score,Proj. Home Spread,Proj. Away Spread,Proj. Total,Home Spread,Away Spread,Total,Home Spread Diff,Away Spread Diff,Total Diff,Spread Bet,Total Bet,Act. Home Score,Act. Away Score,Act. Home Diff,Act. Away Diff,Act. Total,Spread Result,Total Result
10/17/2017,Cleveland Cavaliers,110.76985813175983,Boston Celtics,103.39403627625838,-7.375821855501456,7.375821855501456,214.16389440801825,-4.5,4.5,214.5,2.8758218555014565,-2.8758218555014565,-0.33610559198177725,Cleveland Cavaliers,Under,102.0,99.0,3.0,-3.0,201.0,Loss,Win
10/17/2017,Golden State Warriors,120.26230099843687,Houston Rockets,110.89074201506716,-9.371558983369725,9.371558983369725,231.15304301350403,-9.0,9.0,230.0,0.3715589833697237,-0.3715589833697237,1.1530430135040322,Golden State Warriors,Over,121.0,122.0,-1.0,1.0,243.0,Loss,Win
10/18/2017,Orlando Magic,101.16244930494905,Miami Heat,99.78332972848949,-1.3791195764595583,1.3791195764595583,200.94577903343853,3.5,-3.5,206.0,4.879119576459559,-4.879119576459559,-5.054220966561446,Orlando Magic,Under,116.0,109.0,7.0,-7.0,225.0,Win,Loss
10/18/2017,Detroit Pistons,100.37082600250088,Charlotte Hornets,102.23813247317015,1.8673064706692768,-1.8673064706692768,202.60895847567105,-3.0,3.0,203.5,-4.867306470669277,4.867306470669277,-0.8910415243289549,Charlotte Hornets,Under,102.0,90.0,12.0,-12.0,192.0,Loss,Win
10/18/2017,Indiana Pacers,107.71199750442008,Brooklyn Nets,102.91666202015051,-4.795335484269573,4.795335484269573,210.62865952457062,-3.0,3.0,217.5,1.7953354842695717,-1.7953354842695717,-6.871340475429378,Indiana Pacers,Under,140.0,131.0,9.0,-9.0,271.0,Win,Loss
10/18/2017,Washington Wizards,110.43303982747702,Philadelphia 76ers,104.1546236564818,-6.278416170995214,6.278416170995214,214.5876634839588,-6.5,6.5,217.5,-0.2215838290047856,0.2215838290047856,-2.9123365160411936,Philadelphia 76ers,Under,120.0,115.0,5.0,-5.0,235.0,Win,Loss
10/18/2017,Boston Celtics,102.31510549170788,Milwaukee Bucks,102.4005325756733,0.08542708396542764,-0.08542708396542764,204.71563806738118,-2.5,2.5,204.0,-2.585427083965428,2.585427083965428,0.7156380673811782,Milwaukee Bucks,Over,100.0,108.0,-8.0,8.0,208.0,Win,Win
10/18/2017,Memphis Grizzlies,98.3039569014597,New Orleans Pelicans,98.68264763753186,0.3786907360721585,-0.3786907360721585,196.98660453899154,-2.0,2.0,205.5,-2.3786907360721585,2.3786907360721585,-8.513395461008487,New Orleans Pelicans,Under,103.0,91.0,12.0,-12.0,194.0,Loss,Win
10/18/2017,Dallas Mavericks,98.86230763805784,Atlanta Hawks,93.51020699138796,-5.352100646669868,5.352100646669868,192.37251462944585,-5.5,5.5,198.0,-0.14789935333013204,0.14789935333013204,-5.627485370554184,Atlanta Hawks,Under,111.0,117.0,-6.0,6.0,228.0,Win,Loss
10/18/2017,Utah Jazz,100.80044103532278,Denver Nuggets,95.57528928855619,-5.225151746766599,5.225151746766599,196.3757303238789,-2.5,2.5,204.5,2.7251517467665995,-2.7251517467665995,-8.12426967612106,Utah Jazz,Under,106.0,96.0,10.0,-10.0,202.0,Win,Win
10/18/2017,San Antonio Spurs,100.03333686915407,Minnesota Timberwolves,99.09934171706459,-0.9339951520894658,0.9339951520894658,199.13267858621865,-1.5,1.5,203.5,-0.5660048479105342,0.5660048479105342,-4.3673214137813545,Minnesota Timberwolves,Under,107.0,99.0,8.0,-8.0,206.0,Loss,Loss
10/18/2017,Phoenix Suns,105.8168368247438,Portland Trail Blazers,107.35640301810513,1.5395661933612956,-1.5395661933612956,213.1732398428489,1.5,-1.5,218.5,-0.03956619336129563,0.03956619336129563,-5.326760157151057,Portland Trail Blazers,Under,76.0,124.0,-48.0,48.0,200.0,Win,Win
10/18/2017,Sacramento Kings,104.02386406222747,Houston Rockets,111.52110485936504,7.4972407971375645,-7.4972407971375645,215.54496892159256,7.5,-7.5,218.5,0.0027592028624354725,-0.0027592028624354725,-2.9550310784074436,Sacramento Kings,Under,100.0,105.0,-5.0,5.0,205.0,Win,Win
10/19/2017,Toronto Raptors,102.7997625992983,Chicago Bulls,92.080405149127,-10.719357450171318,10.719357450171318,194.88016774842532,-13.0,13.0,207.0,-2.280642549828684,2.280642549828684,-12.119832251574707,Chicago Bulls,Under,117.0,100.0,17.0,-17.0,217.0,Loss,Loss
10/19/2017,Oklahoma City Thunder,112.75702860259909,New York Knicks,97.81246957894024,-14.94455902365884,14.94455902365884,210.5694981815394,-12.5,12.5,215.5,2.4445590236588397,-2.4445590236588397,-4.930501818460641,Oklahoma City Thunder,Under,105.0,84.0,21.0,-21.0,189.0,Win,Win
10/19/2017,Los Angeles Lakers,102.54640449394293,Los Angeles Clippers,105.92638831396238,3.379983820019433,-3.379983820019433,208.4727928079053,6.0,-6.0,217.0,2.620016179980567,-2.620016179980567,-8.527207192094693,Los Angeles Lakers,Under,92.0,108.0,-16.0,16.0,200.0,Loss,Win
10/20/2017,Philadelphia 76ers,107.44287041425684,Boston Celtics,102.31207786017826,-5.130792554078568,5.130792554078568,209.7549482744351,-3.0,3.0,216.5,2.1307925540785675,-2.1307925540785675,-6.745051725564907,Philadelphia 76ers,Under,92.0,102.0,-10.0,10.0,194.0,Loss,Win
10/20/2017,Milwaukee Bucks,103.83900648116709,Cleveland Cavaliers,102.31226240319526,-1.5267440779718269,1.5267440779718269,206.15126888436242,1.5,-1.5,209.5,3.0267440779718267,-3.0267440779718267,-3.3487311156376336,Milwaukee Bucks,Under,97.0,116.0,-19.0,19.0,213.0,Loss,Loss
10/20/2017,Charlotte Hornets,104.7490477023652,Atlanta Hawks,95.69363477718251,-9.055412925182694,9.055412925182694,200.4426824795477,-4.5,4.5,207.0,4.555412925182694,-4.555412925182694,-6.5573175204523295,Charlotte Hornets,Under,109.0,91.0,18.0,-18.0,200.0,Win,Win
10/20/2017,Indiana Pacers,99.02453788770424,Portland Trail Blazers,101.8521452267646,2.82760733906035,-2.82760733906035,200.87668311446885,5.0,-5.0,221.5,2.17239266093965,-2.17239266093965,-20.623316885531157,Indiana Pacers,Under,96.0,114.0,-18.0,18.0,210.0,Loss,Win
10/20/2017,Washington Wizards,106.76992170170202,Detroit Pistons,96.8896633003036,-9.88025840139841,9.88025840139841,203.65958500200563,-6.5,6.5,211.5,3.3802584013984074,-3.3802584013984074,-7.840414997994372,Washington Wizards,Under,115.0,111.0,4.0,-4.0,226.0,Loss,Loss
10/20/2017,Brooklyn Nets,105.0124468756112,Orlando Magic,104.71857960997973,-0.29386726563146226,0.29386726563146226,209.73102648559086,-1.5,1.5,226.0,-1.2061327343685375,1.2061327343685375,-16.268973514409087,Orlando Magic,Under,126.0,121.0,5.0,-5.0,247.0,Loss,Loss
10/20/2017,Minnesota Timberwolves,95.48171042598929,Utah Jazz,92.09479352375028,-3.3869169022390224,3.3869169022390224,187.57650394973962,-4.5,4.5,197.5,-1.1130830977609776,1.1130830977609776,-9.92349605026044,Utah Jazz,Under,100.0,97.0,3.0,-3.0,197.0,Win,Win
10/20/2017,Dallas Mavericks,95.8524208932234,Sacramento Kings,90.82364907409719,-5.028771819126191,5.028771819126191,186.6760699673206,-5.5,5.5,203.0,-0.4712281808738084,0.4712281808738084,-16.323930032679414,Sacramento Kings,Under,88.0,93.0,-5.0,5.0,181.0,Win,Win
10/20/2017,New Orleans Pelicans,106.01168954494015,Golden State Warriors,109.59871319460086,3.5870236496607215,-3.5870236496607215,215.610402739541,8.5,-8.5,220.5,4.912976350339279,-4.912976350339279,-4.889597260458942,New Orleans Pelicans,Under,120.0,128.0,-8.0,8.0,248.0,Win,Loss
10/20/2017,Phoenix Suns,110.62568821370395,Los Angeles Lakers,103.33804801235044,-7.287640201353525,7.287640201353525,213.9637362260544,-3.0,3.0,220.0,4.2876402013535255,-4.2876402013535255,-6.03626377394562,Phoenix Suns,Under,130.0,132.0,-2.0,2.0,262.0,Loss,Loss
10/21/2017,Toronto Raptors,107.31258787809466,Philadelphia 76ers,99.06806463931986,-8.244523238774804,8.244523238774804,206.38065251741446,-8.0,8.0,217.0,0.24452323877480356,-0.24452323877480356,-10.619347482585482,Toronto Raptors,Under,128.0,94.0,34.0,-34.0,222.0,Win,Loss
10/21/2017,New York Knicks,101.94876789959173,Detroit Pistons,98.00865193424228,-3.9401159653494626,3.9401159653494626,199.957419833834,2.5,-2.5,205.5,6.440115965349463,-6.440115965349463,-5.542580166165976,New York Knicks,Under,107.0,111.0,-4.0,4.0,218.0,Loss,Loss
10/21/2017,Chicago Bulls,91.41733881413172,San Antonio Spurs,95.06969457135334,3.652355757221613,-3.652355757221613,186.48703338548503,10.5,-10.5,200.5,6.847644242778388,-6.847644242778388,-14.012966614514935,Chicago Bulls,Under,77.0,87.0,-10.0,10.0,164.0,Win,Win
10/21/2017,Houston Rockets,107.19430184250221,Dallas Mavericks,94.69608890007255,-12.498212942429644,12.498212942429644,201.8903907425748,-12.0,12.0,215.0,0.49821294242964603,-0.49821294242964603,-13.109609257425234,Houston Rockets,Under,107.0,91.0,16.0,-16.0,198.0,Win,Win
10/21/2017,Miami Heat,106.61681839285332,Indiana Pacers,96.1056310134248,-10.511187379428533,10.511187379428533,202.72244940627812,-9.0,9.0,213.0,1.5111873794285344,-1.5111873794285344,-10.277550593721855,Miami Heat,Under,112.0,108.0,4.0,-4.0,220.0,Loss,Loss
10/21/2017,Memphis Grizzlies,102.61290613481876,Golden State Warriors,107.50679820920452,4.893892074385775,-4.893892074385775,210.11970434402332,8.5,-8.5,215.0,3.6061079256142254,-3.6061079256142254,-4.88029565597671,Memphis Grizzlies,Under,111.0,101.0,10.0,-10.0,212.0,Win,Win
10/21/2017,Cleveland Cavaliers,112.64186542417343,Orlando Magic,97.63109184130356,-15.010773582869875,15.010773582869875,210.27295726547703,-11.5,11.5,215.0,3.5107735828698736,-3.5107735828698736,-4.727042734522968,Cleveland Cavaliers,Under,93.0,114.0,-21.0,21.0,207.0,Loss,Win
10/21/2017,Milwaukee Bucks,103.69356852755831,Portland Trail Blazers,100.0060394490732,-3.6875290784851273,3.6875290784851273,203.6996079766315,-3.5,3.5,210.5,0.18752907848512732,-0.18752907848512732,-6.800392023368487,Milwaukee Bucks,Under,113.0,110.0,3.0,-3.0,223.0,Loss,Loss
10/21/2017,Denver Nuggets,113.07515306955572,Sacramento Kings,96.85379869858572,-16.22135437096999,16.22135437096999,209.92895176814145,-10.5,10.5,212.5,5.721354370969991,-5.721354370969991,-2.571048231858583,Denver Nuggets,Under,96.0,79.0,17.0,-17.0,175.0,Win,Win
10/21/2017,Utah Jazz,94.73980064251005,Oklahoma City Thunder,96.42071322777996,1.6809125852699085,-1.6809125852699085,191.16051387029,5.0,-5.0,200.0,3.319087414730092,-3.319087414730092,-8.839486129709996,Utah Jazz,Under,96.0,87.0,9.0,-9.0,183.0,Win,Win
10/21/2017,Los Angeles Clippers,114.52654345163664,Phoenix Suns,99.87661167172807,-14.649931779908554,14.649931779908554,214.40315512336468,-14.0,14.0,220.0,0.649931779908556,-0.649931779908556,-5.596844876635316,Los Angeles Clippers,Under,130.0,88.0,42.0,-42.0,218.0,Win,Win
10/22/2017,Brooklyn Nets,105.937562925795,Atlanta Hawks,100.89655278520178,-5.0410101405932295,5.0410101405932295,206.83411571099683,-1.5,1.5,220.5,3.541010140593229,-3.541010140593229,-13.665884289003204,Brooklyn Nets,Under,116.0,104.0,12.0,-12.0,220.0,Win,Win
10/22/2017,Oklahoma City Thunder,106.1354770565039,Minnesota Timberwolves,105.53499582587999,-0.6004812306239131,0.6004812306239131,211.67047288238388,-4.0,4.0,211.0,-3.3995187693760873,3.3995187693760873,0.6704728823838764,Minnesota Timberwolves,Over,113.0,115.0,-2.0,2.0,228.0,Win,Win
10/22/2017,Los Angeles Lakers,99.55054147807121,New Orleans Pelicans,106.25417363190536,6.703632153834121,-6.703632153834121,205.80471510997657,4.0,-4.0,221.5,-2.7036321538341213,2.7036321538341213,-15.69528489002343,New Orleans Pelicans,Under,112.0,119.0,-7.0,7.0,231.0,Win,Loss
10/23/2017,Detroit Pistons,107.13365552017868,Philadelphia 76ers,107.57575171516892,0.442096194990242,-0.442096194990242,214.70940723534758,-3.5,3.5,213.0,-3.9420961949902416,3.9420961949902416,1.7094072353476122,Philadelphia 76ers,Over,86.0,97.0,-11.0,11.0,183.0,Win,Loss
10/23/2017,Miami Heat,110.95510028711979,Atlanta Hawks,96.66024915206286,-14.294851135056946,14.294851135056946,207.6153494391827,-12.0,12.0,203.5,2.2948511350569447,-2.2948511350569447,4.1153494391826655,Miami Heat,Over,104.0,93.0,11.0,-11.0,197.0,Loss,Loss
10/23/2017,Houston Rockets,101.75053304333694,Memphis Grizzlies,95.90379509916048,-5.846737944176496,5.846737944176496,197.65432814249743,-7.5,7.5,212.5,-1.6532620558235038,1.6532620558235038,-14.845671857502566,Memphis Grizzlies,Under,90.0,98.0,-8.0,8.0,188.0,Win,Win
10/23/2017,Milwaukee Bucks,106.84773632111764,Charlotte Hornets,103.1992146665105,-3.6485216546071233,3.6485216546071233,210.0469509876281,-7.5,7.5,201.0,-3.8514783453928767,3.8514783453928767,9.046950987628122,Charlotte Hornets,Over,103.0,94.0,9.0,-9.0,197.0,Loss,Loss
10/23/2017,Dallas Mavericks,98.82437455409331,Golden State Warriors,110.60573269572323,11.781358141629909,-11.781358141629909,209.43010724981656,12.0,-12.0,216.0,0.2186418583700913,-0.2186418583700913,-6.569892750183443,Dallas Mavericks,Under,103.0,133.0,-30.0,30.0,236.0,Loss,Loss
10/23/2017,San Antonio Spurs,101.28253940724777,Toronto Raptors,97.20322013041724,-4.079319276830546,4.079319276830546,198.48575953766502,-2.5,2.5,203.5,1.579319276830546,-1.579319276830546,-5.014240462334982,San Antonio Spurs,Under,101.0,97.0,4.0,-4.0,198.0,Win,Win
10/23/2017,Denver Nuggets,107.94162047141884,Washington Wizards,101.85650632083694,-6.0851141505819015,6.0851141505819015,209.79812679225583,-3.5,3.5,222.5,2.585114150581901,-2.585114150581901,-12.7018732077442,Denver Nuggets,Under,104.0,109.0,-5.0,5.0,213.0,Loss,Win
10/23/2017,Phoenix Suns,105.43194524155176,Sacramento Kings,102.46881350712505,-2.9631317344267387,2.9631317344267387,207.9007587486768,2.0,-2.0,207.0,4.963131734426738,-4.963131734426738,0.9007587486768216,Phoenix Suns,Over,117.0,115.0,2.0,-2.0,232.0,Win,Win
10/24/2017,Orlando Magic,115.82935175840464,Brooklyn Nets,111.25811848432693,-4.5712332740776995,4.5712332740776995,227.0874702427316,-5.0,5.0,229.0,-0.42876672592230136,0.42876672592230136,-1.9125297572684303,Brooklyn Nets,Under,125.0,121.0,4.0,-4.0,246.0,Win,Loss
10/24/2017,Cleveland Cavaliers,109.07905083028015,Chicago Bulls,91.86535521738415,-17.213695612896007,17.213695612896007,200.9444060476643,-14.5,14.5,205.5,2.713695612896004,-2.713695612896004,-4.555593952335698,Cleveland Cavaliers,Under,119.0,112.0,7.0,-7.0,231.0,Loss,Loss
10/24/2017,Boston Celtics,106.27938776565752,New York Knicks,99.08211747457443,-7.197270291083085,7.197270291083085,205.36150524023202,-7.5,7.5,206.0,-0.30272970891691386,0.30272970891691386,-0.6384947597680366,New York Knicks,Under,110.0,89.0,21.0,-21.0,199.0,Loss,Win
10/24/2017,Minnesota Timberwolves,116.07723418959316,Indiana Pacers,100.7007074282135,-15.376526761379663,15.376526761379663,216.7779416178067,-12.0,12.0,219.0,3.376526761379665,-3.376526761379665,-2.2220583821933246,Minnesota Timberwolves,Under,107.0,130.0,-23.0,23.0,237.0,Loss,Loss
10/24/2017,Portland Trail Blazers,104.97053559097866,New Orleans Pelicans,104.01425001528332,-0.9562855756953326,0.9562855756953326,208.98478560626202,-5.0,5.0,217.0,-4.043714424304667,4.043714424304667,-8.015214393738006,New Orleans Pelicans,Under,103.0,93.0,10.0,-10.0,196.0,Loss,Win
10/24/2017,Los Angeles Clippers,102.19444297577895,Utah Jazz,98.37226707679226,-3.822175898986714,3.822175898986714,200.56671005257127,-4.5,4.5,198.0,-0.6778241010132859,0.6778241010132859,2.5667100525712385,Utah Jazz,Over,102.0,84.0,18.0,-18.0,186.0,Loss,Loss
10/25/2017,Detroit Pistons,104.59017277395569,Minnesota Timberwolves,103.04627958002216,-1.5438931939335276,1.5438931939335276,207.63645235397786,-2.5,2.5,209.0,-0.9561068060664724,0.9561068060664724,-1.3635476460221412,Minnesota Timberwolves,Under,122.0,101.0,21.0,-21.0,223.0,Loss,Loss
10/25/2017,Charlotte Hornets,99.67477636818087,Denver Nuggets,97.87213629099877,-1.8026400771821187,1.8026400771821187,197.5469126591797,2.5,-2.5,211.0,4.302640077182119,-4.302640077182119,-13.453087340820332,Charlotte Hornets,Under,110.0,93.0,17.0,-17.0,203.0,Win,Win
10/25/2017,Philadelphia 76ers,105.34230563080895,Houston Rockets,110.37144778275804,5.0291421519491015,-5.0291421519491015,215.71375341356696,3.5,-3.5,220.5,-1.5291421519491024,1.5291421519491024,-4.7862465864330375,Houston Rockets,Under,104.0,105.0,-1.0,1.0,209.0,Loss,Win
10/25/2017,Brooklyn Nets,108.54075102756477,Cleveland Cavaliers,118.97302708277893,10.432276055214174,-10.432276055214174,227.5137781103437,7.5,-7.5,224.5,-2.9322760552141744,2.9322760552141744,3.013778110343708,Cleveland Cavaliers,Over,112.0,107.0,5.0,-5.0,219.0,Loss,Loss
10/25/2017,Miami Heat,95.89864562458254,San Antonio Spurs,97.1087338763902,1.2100882518076617,-1.2100882518076617,193.00737950097275,4.5,-4.5,196.5,3.2899117481923383,-3.2899117481923383,-3.492620499027254,Miami Heat,Under,100.0,117.0,-17.0,17.0,217.0,Loss,Loss
10/25/2017,Oklahoma City Thunder,116.37742091107651,Indiana Pacers,102.76054147141559,-13.616879439660904,13.616879439660904,219.1379623824921,-13.5,13.5,217.0,0.11687943966090585,-0.11687943966090585,2.137962382492105,Oklahoma City Thunder,Over,114.0,96.0,18.0,-18.0,210.0,Win,Loss
10/25/2017,Dallas Mavericks,91.22541053419461,Memphis Grizzlies,97.34710618744242,6.121695653247826,-6.121695653247826,188.57251672163704,3.5,-3.5,197.5,-2.6216956532478264,2.6216956532478264,-8.927483278362985,Memphis Grizzlies,Under,103.0,94.0,9.0,-9.0,197.0,Loss,Win
10/25/2017,Phoenix Suns,100.8896717297135,Utah Jazz,104.6039466316253,3.714274901911836,-3.714274901911836,205.49361836133883,7.0,-7.0,204.0,3.2857250980881645,-3.2857250980881645,1.4936183613388323,Phoenix Suns,Over,97.0,88.0,9.0,-9.0,185.0,Win,Loss
10/25/2017,Los Angeles Lakers,113.68774958999242,Washington Wizards,116.77241426167922,3.0846646716867667,-3.0846646716867667,230.4601638516716,5.0,-5.0,227.5,1.9153353283132333,-1.9153353283132333,2.9601638516716093,Los Angeles Lakers,Over,102.0,99.0,3.0,-3.0,201.0,Win,Loss
10/25/2017,Golden State Warriors,118.76642255105186,Toronto Raptors,107.52042564824222,-11.245996902809608,11.245996902809608,226.28684819929413,-12.0,12.0,228.5,-0.7540030971903917,0.7540030971903917,-2.213151800705873,Toronto Raptors,Under,117.0,112.0,5.0,-5.0,229.0,Win,Loss
10/26/2017,Chicago Bulls,99.14020109915224,Atlanta Hawks,93.47851290362331,-5.66168819552891,5.66168819552891,192.61871400277562,-2.0,2.0,200.5,3.6616881955289102,-3.6616881955289102,-7.881285997224437,Chicago Bulls,Under,91.0,86.0,5.0,-5.0,177.0,Win,Win
10/26/2017,Memphis Grizzlies,100.45708245879543,Dallas Mavericks,90.15906577797425,-10.298016680821194,10.298016680821194,190.61614823676967,-7.5,7.5,195.5,2.7980166808211915,-2.7980166808211915,-4.883851763230325,Memphis Grizzlies,Under,96.0,91.0,5.0,-5.0,187.0,Loss,Win
10/26/2017,Milwaukee Bucks,104.2940595058488,Boston Celtics,100.9451622124392,-3.3488972934095926,3.3488972934095926,205.23922171828804,-3.5,3.5,206.5,-0.15110270659040734,0.15110270659040734,-1.2607782817119642,Boston Celtics,Under,89.0,96.0,-7.0,7.0,185.0,Win,Win
10/26/2017,Portland Trail Blazers,104.34359535878149,Los Angeles Clippers,103.22084792701484,-1.1227474317666406,1.1227474317666406,207.56444328579633,-2.5,2.5,215.0,-1.3772525682333594,1.3772525682333594,-7.435556714203699,Los Angeles Clippers,Under,103.0,104.0,-1.0,1.0,207.0,Win,Win
10/26/2017,Sacramento Kings,97.98026906054486,New Orleans Pelicans,105.35130924931774,7.37104018877291,-7.37104018877291,203.33157830986252,2.5,-2.5,206.0,-4.871040188772909,4.871040188772909,-2.6684216901374502,New Orleans Pelicans,Under,106.0,114.0,-8.0,8.0,220.0,Win,Loss
10/27/2017,Orlando Magic,100.207908901389,San Antonio Spurs,103.33396361018069,3.1260547087916564,-3.1260547087916564,203.54187251156966,5.5,-5.5,206.5,2.373945291208344,-2.373945291208344,-2.958127488430307,Orlando Magic,Under,114.0,87.0,27.0,-27.0,201.0,Win,Win
10/27/2017,Charlotte Hornets,103.65363602924543,Houston Rockets,103.70755262163428,0.05391659238884472,-0.05391659238884472,207.36118865087968,3.0,-3.0,214.5,2.9460834076111557,-2.9460834076111557,-7.138811349120289,Charlotte Hornets,Under,93.0,109.0,-16.0,16.0,202.0,Loss,Win
10/27/2017,New York Knicks,111.5734157600562,Brooklyn Nets,111.17732017338957,-0.3960955866666325,0.3960955866666325,222.7507359334457,-2.0,2.0,220.5,-1.6039044133333675,1.6039044133333675,2.2507359334457533,Brooklyn Nets,Over,107.0,86.0,21.0,-21.0,193.0,Loss,Loss
10/27/2017,Atlanta Hawks,98.31748131243444,Denver Nuggets,105.63957520635799,7.322093893923537,-7.322093893923537,203.95705651879246,7.0,-7.0,207.5,-0.3220938939235367,0.3220938939235367,-3.542943481207544,Denver Nuggets,Under,100.0,105.0,-5.0,5.0,205.0,Loss,Win
10/27/2017,Minnesota Timberwolves,104.86509971719023,Oklahoma City Thunder,109.1710330776955,4.305933360505279,-4.305933360505279,214.03613279488567,2.0,-2.0,218.0,-2.3059333605052785,2.3059333605052785,-3.9638672051142976,Oklahoma City Thunder,Under,119.0,116.0,3.0,-3.0,235.0,Loss,Loss
10/27/2017,Golden State Warriors,120.7592905692726,Washington Wizards,105.84625634119585,-14.913034228076768,14.913034228076768,226.60554691046843,-12.0,12.0,230.5,2.913034228076768,-2.913034228076768,-3.894453089531567,Golden State Warriors,Under,120.0,117.0,3.0,-3.0,237.0,Loss,Loss
10/27/2017,Los Angeles Lakers,108.58268279108931,Toronto Raptors,110.94441452356344,2.3617317324741265,-2.3617317324741265,219.52709731465274,6.0,-6.0,221.0,3.6382682675258735,-3.6382682675258735,-1.4729026853472649,Los Angeles Lakers,Under,92.0,101.0,-9.0,9.0,193.0,Loss,Win
10/28/2017,New Orleans Pelicans,108.7289731241032,Cleveland Cavaliers,106.8158969522206,-1.9130761718826081,1.9130761718826081,215.5448700763238,4.0,-4.0,217.0,5.913076171882608,-5.913076171882608,-1.4551299236761963,New Orleans Pelicans,Under,123.0,101.0,22.0,-22.0,224.0,Win,Loss
10/28/2017,Miami Heat,102.62707783981945,Boston Celtics,103.99842609840343,1.3713482585839645,-1.3713482585839645,206.62550393822292,1.5,-1.5,205.5,0.12865174141603575,-0.12865174141603575,1.1255039382228915,Miami Heat,Over,90.0,96.0,-6.0,6.0,186.0,Loss,Loss
10/28/2017,Chicago Bulls,94.62097048162777,Oklahoma City Thunder,98.80331508871728,4.182344607089519,-4.182344607089519,193.42428557034503,9.0,-9.0,204.0,4.817655392910481,-4.817655392910481,-10.575714429654964,Chicago Bulls,Under,69.0,101.0,-32.0,32.0,170.0,Loss,Win
10/28/2017,Memphis Grizzlies,100.36231210180323,Houston Rockets,100.97923868541113,0.6169265836078779,-0.6169265836078779,201.3415507872144,-1.0,1.0,204.5,-1.616926583607878,1.616926583607878,-3.1584492127856265,Houston Rockets,Under,103.0,89.0,14.0,-14.0,192.0,Loss,Win
10/28/2017,Dallas Mavericks,102.31566610722813,Philadelphia 76ers,106.2478426249004,3.9321765176722607,-3.9321765176722607,208.56350873212853,1.5,-1.5,207.0,-2.4321765176722607,2.4321765176722607,1.5635087321285257,Philadelphia 76ers,Over,110.0,112.0,-2.0,2.0,222.0,Win,Win
10/28/2017,Utah Jazz,106.61607851104178,Los Angeles Lakers,94.2977319605736,-12.318346550468151,12.318346550468151,200.91381047161536,-10.5,10.5,202.5,1.8183465504681493,-1.8183465504681493,-1.5861895283846366,Utah Jazz,Under,96.0,81.0,15.0,-15.0,177.0,Win,Win
10/28/2017,Portland Trail Blazers,117.15262168555813,Phoenix Suns,100.6592352841162,-16.49338640144191,16.49338640144191,217.8118569696743,-11.5,11.5,220.0,4.99338640144191,-4.99338640144191,-2.1881430303256764,Portland Trail Blazers,Under,114.0,107.0,7.0,-7.0,221.0,Loss,Loss
10/28/2017,Los Angeles Clippers,110.02349614263036,Detroit Pistons,96.21368281504505,-13.809813327585314,13.809813327585314,206.2371789576754,-8.0,8.0,206.5,5.809813327585317,-5.809813327585317,-0.2628210423245889,Los Angeles Clippers,Under,87.0,95.0,-8.0,8.0,182.0,Loss,Win
10/29/2017,Atlanta Hawks,99.03966908371729,Milwaukee Bucks,106.31708422862113,7.277415144903827,-7.277415144903827,205.3567533123384,6.0,-6.0,199.5,-1.2774151449038271,1.2774151449038271,5.8567533123384115,Milwaukee Bucks,Over,106.0,117.0,-11.0,11.0,223.0,Win,Win
10/29/2017,Indiana Pacers,97.63387053760596,San Antonio Spurs,103.93127752932513,6.297406991719158,-6.297406991719158,201.56514806693107,6.5,-6.5,209.0,0.20259300828084287,-0.20259300828084287,-7.434851933068899,Indiana Pacers,Under,97.0,94.0,3.0,-3.0,191.0,Win,Win
10/29/2017,Sacramento Kings,99.98105243299294,Washington Wizards,106.41018570325045,6.429133270257509,-6.429133270257509,206.39123813624337,7.5,-7.5,208.5,1.070866729742491,-1.070866729742491,-2.1087618637566266,Sacramento Kings,Under,83.0,110.0,-27.0,27.0,193.0,Loss,Win
10/29/2017,Charlotte Hornets,106.79352094675869,Orlando Magic,102.89441073113836,-3.899110215620325,3.899110215620325,209.68793167789704,-4.0,4.0,210.5,-0.10088978437967457,0.10088978437967457,-0.8120683221029594,Orlando Magic,Under,120.0,113.0,7.0,-7.0,233.0,Loss,Loss
10/29/2017,Brooklyn Nets,106.06092300823391,Denver Nuggets,108.47751187973809,2.4165888715041746,-2.4165888715041746,214.538434887972,5.5,-5.5,222.5,3.083411128495825,-3.083411128495825,-7.9615651120280395,Brooklyn Nets,Under
10/29/2017,Cleveland Cavaliers,108.43914464103592,New York Knicks,98.08442058198679,-10.354724059049149,10.354724059049149,206.5235652230227,-10.5,10.5,212.5,-0.14527594095085306,0.14527594095085306,-5.9764347769773,New York Knicks,Under,95.0,114.0,-19.0,19.0,209.0,Win,Win
10/29/2017,Golden State Warriors,122.08920503348776,Detroit Pistons,100.58197977279995,-21.507225260687804,21.507225260687804,222.67118480628773,-14.5,14.5,221.5,7.007225260687804,-7.007225260687804,1.1711848062877266,Golden State Warriors,Over,107.0,115.0,-8.0,8.0,222.0,Loss,Win
10/30/2017,Miami Heat,108.59375375650032,Minnesota Timberwolves,107.72260707466705,-0.8711466818332667,0.8711466818332667,216.31636083116737,3.0,-3.0,215.0,3.8711466818332663,-3.8711466818332663,1.316360831167373,Miami Heat,Over,122.0,125.0,-3.0,3.0,247.0,Push,Win
10/30/2017,New York Knicks,101.04523497082195,Denver Nuggets,105.49204675912785,4.446811788305865,-4.446811788305865,206.5372817299498,4.0,-4.0,210.0,-0.4468117883058653,0.4468117883058653,-3.4627182700502037,Denver Nuggets,Under,116.0,110.0,6.0,-6.0,226.0,Loss,Loss
10/30/2017,Boston Celtics,97.69161247511559,San Antonio Spurs,92.69658429342086,-4.995028181694778,4.995028181694778,190.38819676853646,-3.5,3.5,192.0,1.4950281816947781,-1.4950281816947781,-1.6118032314635684,Boston Celtics,Under,108.0,94.0,14.0,-14.0,202.0,Win,Loss
10/30/2017,Houston Rockets,109.0413705098322,Philadelphia 76ers,101.96870471538736,-7.072665794444816,7.072665794444816,211.01007522521962,-7.0,7.0,215.5,0.07266579444481636,-0.07266579444481636,-4.489924774780434,Houston Rockets,Under,107.0,115.0,-8.0,8.0,222.0,Loss,Loss
10/30/2017,New Orleans Pelicans,116.99869645649271,Orlando Magic,105.25849318426336,-11.740203272229323,11.740203272229323,222.25718964075602,-7.5,7.5,223.5,4.240203272229324,-4.240203272229324,-1.242810359243947,New Orleans Pelicans,Under,99.0,115.0,-16.0,16.0,214.0,Loss,Win
10/30/2017,Memphis Grizzlies,101.02807705311704,Charlotte Hornets,93.68147842835664,-7.346598624760404,7.346598624760404,194.7095554814737,-5.0,5.0,193.5,2.346598624760404,-2.346598624760404,1.2095554814736715,Memphis Grizzlies,Over,99.0,104.0,-5.0,5.0,203.0,Loss,Win
10/30/2017,Utah Jazz,96.75738872800713,Dallas Mavericks,85.28309290786966,-11.47429582013747,11.47429582013747,182.0404816358768,-8.0,8.0,190.0,3.4742958201374705,-3.4742958201374705,-7.9595183641231975,Utah Jazz,Under,104.0,89.0,15.0,-15.0,193.0,Win,Loss
10/30/2017,Portland Trail Blazers,109.41839649764914,Toronto Raptors,102.03166654814687,-7.386729949502268,7.386729949502268,211.450063045796,-2.0,2.0,213.0,5.386729949502269,-5.386729949502269,-1.5499369542039858,Portland Trail Blazers,Under,85.0,99.0,-14.0,14.0,184.0,Loss,Win
10/30/2017,Los Angeles Clippers,111.17514116613329,Golden State Warriors,105.7869957528124,-5.388145413320899,5.388145413320899,216.9621369189457,5.5,-5.5,221.5,10.8881454133209,-10.8881454133209,-4.537863081054297,Los Angeles Clippers,Under,113.0,141.0,-28.0,28.0,254.0,Loss,Loss
10/31/2017,Indiana Pacers,104.84194815525345,Sacramento Kings,97.29697620899724,-7.5449719462562115,7.5449719462562115,202.13892436425076,-5.0,5.0,209.0,2.5449719462562115,-2.5449719462562115,-6.861075635749272,Indiana Pacers,Under,101.0,83.0,18.0,-18.0,184.0,Win,Win
10/31/2017,Brooklyn Nets,120.39243602655809,Phoenix Suns,112.1326711816159,-8.259764844942199,8.259764844942199,232.525107208174,-4.5,4.5,230.5,3.7597648449421968,-3.7597648449421968,2.0251072081740062,Brooklyn Nets,Over,114.0,122.0,-8.0,8.0,236.0,Loss,Win
10/31/2017,Milwaukee Bucks,103.74347069620016,Oklahoma City Thunder,103.85044722626141,0.10697653006124597,-0.10697653006124597,207.59391792246154,1.5,-1.5,209.5,1.393023469938754,-1.393023469938754,-1.9060820775384568,Milwaukee Bucks,Under,91.0,110.0,-19.0,19.0,201.0,Loss,Win
10/31/2017,Los Angeles Lakers,106.1878206414398,Detroit Pistons,105.1126245884119,-1.075196053027895,1.075196053027895,211.30044522985168,4.0,-4.0,209.0,5.075196053027894,-5.075196053027894,2.300445229851704,Los Angeles Lakers,Over,113.0,93.0,20.0,-20.0,206.0,Win,Loss
11/01/2017,Washington Wizards,123.68507896144655,Phoenix Suns,107.5305090477824,-16.154569913664147,16.154569913664147,231.21558800922887,-12.0,12.0,227.0,4.154569913664147,-4.154569913664147,4.215588009228924,Washington Wizards,Over,116.0,122.0,-6.0,6.0,238.0,Loss,Win
11/01/2017,Philadelphia 76ers,109.19824188257302,Atlanta Hawks,97.70046437426704,-11.497777508305989,11.497777508305989,206.8987062568401,-8.0,8.0,209.5,3.4977775083059868,-3.4977775083059868,-2.6012937431599426,Philadelphia 76ers,Under,119.0,109.0,10.0,-10.0,228.0,Win,Loss
11/01/2017,Cleveland Cavaliers,116.93323728292887,Indiana Pacers,102.3414358068547,-14.591801476074181,14.591801476074181,219.2746730897836,-10.0,10.0,218.5,4.591801476074182,-4.591801476074182,0.7746730897835903,Cleveland Cavaliers,Over,107.0,124.0,-17.0,17.0,231.0,Loss,Win
11/01/2017,Charlotte Hornets,107.06173767424644,Milwaukee Bucks,101.12509333174484,-5.936644342501579,5.936644342501579,208.18683100599128,-3.5,3.5,202.5,2.43664434250158,-2.43664434250158,5.68683100599128,Charlotte Hornets,Over,126.0,121.0,5.0,-5.0,247.0,Win,Win
11/01/2017,Miami Heat,101.14911268863524,Chicago Bulls,89.38297604710341,-11.76613664153183,11.76613664153183,190.53208873573865,-10.0,10.0,199.5,1.7661366415318298,-1.7661366415318298,-8.967911264261346,Miami Heat,Under,97.0,91.0,6.0,-6.0,188.0,Loss,Win
11/01/2017,Boston Celtics,104.06121945493864,Sacramento Kings,88.10807234795,-15.953147106988652,15.953147106988652,192.1692918028887,-12.5,12.5,196.5,3.4531471069886517,-3.4531471069886517,-4.330708197111335,Boston Celtics,Under,113.0,86.0,27.0,-27.0,199.0,Win,Loss
11/01/2017,New York Knicks,98.27782579321855,Houston Rockets,107.08788119882429,8.810055405605752,-8.810055405605752,205.36570699204287,5.5,-5.5,213.5,-3.310055405605752,3.310055405605752,-8.134293007957126,Houston Rockets,Under,97.0,119.0,-22.0,22.0,216.0,Win,Loss
11/01/2017,New Orleans Pelicans,110.24403855328596,Minnesota Timberwolves,106.7328237978688,-3.5112147554171718,3.5112147554171718,216.97686235115475,-2.0,2.0,224.0,1.511214755417171,-1.511214755417171,-7.02313764884525,New Orleans Pelicans,Under,98.0,104.0,-6.0,6.0,202.0,Loss,Win
11/01/2017,Memphis Grizzlies,107.7371072155711,Orlando Magic,99.82598342363985,-7.911123791931247,7.911123791931247,207.56309063921088,-4.0,4.0,205.5,3.911123791931246,-3.911123791931246,2.063090639210941,Memphis Grizzlies,Over,99.0,101.0,-2.0,2.0,200.0,Loss,Loss
11/01/2017,Utah Jazz,94.57474174766195,Portland Trail Blazers,88.91225985981491,-5.662481887847079,5.662481887847079,183.48700160747688,-3.5,3.5,191.5,2.162481887847079,-2.162481887847079,-8.012998392523116,Utah Jazz,Under,112.0,103.0,9.0,-9.0,215.0,Win,Loss
11/01/2017,Denver Nuggets,105.03341740301748,Toronto Raptors,105.59594498571622,0.5625275826987348,-0.5625275826987348,210.62936238873368,-1.5,1.5,216.0,-2.062527582698735,2.062527582698735,-5.370637611266319,Toronto Raptors,Under,129.0,111.0,18.0,-18.0,240.0,Loss,Loss
11/01/2017,Los Angeles Clippers,105.87302137402664,Dallas Mavericks,91.93621735714521,-13.936804016881425,13.936804016881425,197.80923873117192,-10.0,10.0,205.5,3.9368040168814247,-3.9368040168814247,-7.690761268828112,Los Angeles Clippers,Under,119.0,98.0,21.0,-21.0,217.0,Win,Loss
11/02/2017,San Antonio Spurs,105.61458573990679,Golden State Warriors,109.0045075952143,3.3899218553075343,-3.3899218553075343,214.61909333512116,8.0,-8.0,217.5,4.610078144692466,-4.610078144692466,-2.8809066648788644,San Antonio Spurs,Under,92.0,112.0,-20.0,20.0,204.0,Loss,Win
11/02/2017,Portland Trail Blazers,106.74730387594498,Los Angeles Lakers,100.43601047326707,-6.3112934026779035,6.3112934026779035,207.18331434921203,-6.5,6.5,210.5,-0.1887065973220956,0.1887065973220956,-3.3166856507879467,Los Angeles Lakers,Under,113.0,110.0,3.0,-3.0,223.0,Win,Loss
11/03/2017,Philadelphia 76ers,111.5940321885206,Indiana Pacers,104.21124494125542,-7.382787247265185,7.382787247265185,215.805277129776,-4.5,4.5,220.0,2.8827872472651848,-2.8827872472651848,-4.194722870223984,Philadelphia 76ers,Under,121.0,110.0,11.0,-11.0,231.0,Win,Loss
11/03/2017,Orlando Magic,106.27849755133556,Chicago Bulls,94.42380097132194,-11.854696580013595,11.854696580013595,200.70229852265751,-8.0,8.0,205.0,3.854696580013595,-3.854696580013595,-4.297701477342514,Orlando Magic,Under,83.0,105.0,-22.0,22.0,188.0,Loss,Win
11/03/2017,Washington Wizards,110.3367690562858,Cleveland Cavaliers,107.28668140837402,-3.0500876479117807,3.0500876479117807,217.6234504646598,-3.5,3.5,222.5,-0.44991235208821934,0.44991235208821934,-4.876549535340189,Cleveland Cavaliers,Under,122.0,130.0,-8.0,8.0,252.0,Win,Loss
11/03/2017,Detroit Pistons,106.18872868185323,Milwaukee Bucks,102.64129602480958,-3.547432657043686,3.547432657043686,208.83002470666284,-2.0,2.0,204.0,1.5474326570436858,-1.5474326570436858,4.830024706662783,Detroit Pistons,Over,105.0,96.0,9.0,-9.0,201.0,Win,Loss
11/03/2017,New York Knicks,112.02114236916842,Phoenix Suns,105.49619933173395,-6.524943037434441,6.524943037434441,217.5173417009024,-3.5,3.5,220.5,3.0249430374344395,-3.0249430374344395,-2.982658299097636,New York Knicks,Under,120.0,107.0,13.0,-13.0,227.0,Win,Loss
11/03/2017,Atlanta Hawks,99.56138028719496,Houston Rockets,107.61144050790907,8.050060220714101,-8.050060220714101,207.17282079510403,9.0,-9.0,214.5,0.9499397792858986,-0.9499397792858986,-7.32717920489597,Atlanta Hawks,Under,104.0,119.0,-15.0,15.0,223.0,Loss,Loss
11/03/2017,Dallas Mavericks,99.23467039640127,New Orleans Pelicans,103.87184098772931,4.637170591328029,-4.637170591328029,203.10651138413058,4.5,-4.5,210.5,-0.13717059132802945,0.13717059132802945,-7.393488615869387,New Orleans Pelicans,Under,94.0,99.0,-5.0,5.0,193.0,Win,Win
11/03/2017,San Antonio Spurs,100.10484701366042,Charlotte Hornets,99.60094239091299,-0.5039046227473989,0.5039046227473989,199.70578940457335,-4.5,4.5,197.5,-3.9960953772526007,3.9960953772526007,2.2057894045733804,Charlotte Hornets,Over,108.0,101.0,7.0,-7.0,209.0,Loss,Win
11/03/2017,Denver Nuggets,106.52017661730645,Miami Heat,99.24890521598878,-7.271271401317648,7.271271401317648,205.76908183329516,-5.5,5.5,216.5,1.7712714013176483,-1.7712714013176483,-10.730918166704784,Denver Nuggets,Under,95.0,94.0,1.0,-1.0,189.0,Loss,Win
11/03/2017,Utah Jazz,98.45141375789083,Toronto Raptors,91.05322340787536,-7.398190350015469,7.398190350015469,189.50463716576618,-2.0,2.0,195.0,5.398190350015469,-5.398190350015469,-5.495362834233788,Utah Jazz,Under,100.0,109.0,-9.0,9.0,209.0,Loss,Loss
11/03/2017,Oklahoma City Thunder,103.28214874299454,Boston Celtics,97.17158245799126,-6.110566285003272,6.110566285003272,200.4537312009858,-6.5,6.5,206.5,-0.3894337149967271,0.3894337149967271,-6.0462687990142,Boston Celtics,Under,94.0,101.0,-7.0,7.0,195.0,Win,Win
11/03/2017,Los Angeles Lakers,115.9675587380494,Brooklyn Nets,111.843227088887,-4.1243316491624,4.1243316491624,227.8107858269364,-2.0,2.0,227.5,2.1243316491623996,-2.1243316491623996,0.3107858269364101,Los Angeles Lakers,Over,124.0,112.0,12.0,-12.0,236.0,Win,Win
11/04/2017,Los Angeles Clippers,105.96904292534278,Memphis Grizzlies,97.01769031504571,-8.951352610297038,8.951352610297038,202.98673324038845,-5.0,5.0,199.5,3.951352610297036,-3.951352610297036,3.4867332403884466,Los Angeles Clippers,Over,104.0,113.0,-9.0,9.0,217.0,Loss,Win
11/04/2017,Detroit Pistons,103.8482837262875,Sacramento Kings,93.35510388325993,-10.493179843027589,10.493179843027589,197.20338760954743,-9.0,9.0,194.0,1.4931798430275904,-1.4931798430275904,3.2033876095474056,Detroit Pistons,Over,108.0,99.0,9.0,-9.0,207.0,Push,Win
11/04/2017,Minnesota Timberwolves,112.7055988346966,Dallas Mavericks,99.72053438657028,-12.985064448126307,12.985064448126307,212.42613322126687,-12.5,12.5,214.0,0.4850644481263089,-0.4850644481263089,-1.5738667787331335,Minnesota Timberwolves,Under,112.0,99.0,13.0,-13.0,211.0,Win,Win
11/04/2017,Chicago Bulls,94.73666379549655,New Orleans Pelicans,100.5687761862968,5.832112390800263,-5.832112390800263,195.30543998179337,6.5,-6.5,199.0,0.6678876091997381,-0.6678876091997381,-3.6945600182066296,Chicago Bulls,Under,90.0,96.0,-6.0,6.0,186.0,Win,Win
11/04/2017,Denver Nuggets,106.78471050471764,Golden State Warriors,116.12569702032982,9.340986515612173,-9.340986515612173,222.91040752504745,9.0,-9.0,229.0,-0.3409865156121725,0.3409865156121725,-6.089592474952525,Golden State Warriors,Under,108.0,127.0,-19.0,19.0,235.0,Win,Loss
11/05/2017,Cleveland Cavaliers,115.39350709298095,Atlanta Hawks,99.40461268249716,-15.988894410483795,15.988894410483795,214.79811977547809,-11.5,11.5,221.5,4.488894410483795,-4.488894410483795,-6.701880224521887,Cleveland Cavaliers,Under,115.0,117.0,-2.0,2.0,232.0,Loss,Loss
11/05/2017,Los Angeles Clippers,105.09982820695588,Miami Heat,99.2066628734322,-5.893165333523669,5.893165333523669,204.3064910803881,-5.0,5.0,208.0,0.8931653335236689,-0.8931653335236689,-3.693508919611929,Los Angeles Clippers,Under,101.0,104.0,-3.0,3.0,205.0,Loss,Win
11/05/2017,Toronto Raptors,107.72019479534636,Washington Wizards,101.76956172125084,-5.950633074095521,5.950633074095521,209.48975651659717,-7.5,7.5,214.0,-1.549366925904479,1.549366925904479,-4.510243483402803,Washington Wizards,Under,96.0,107.0,-11.0,11.0,203.0,Win,Win
11/05/2017,Orlando Magic,102.91256752244117,Boston Celtics,103.20578616701223,0.29321864457108404,-0.29321864457108404,206.1183536894534,3.5,-3.5,208.0,3.2067813554289164,-3.2067813554289164,-1.8816463105465857,Orlando Magic,Under,88.0,104.0,-16.0,16.0,192.0,Loss,Win
11/05/2017,Houston Rockets,96.61879438085134,Utah Jazz,93.28427677260723,-3.3345176082440986,3.3345176082440986,189.9030711534586,-6.0,6.0,203.0,-2.6654823917559014,2.6654823917559014,-13.096928846541402,Utah Jazz,Under,137.0,110.0,27.0,-27.0,247.0,Loss,Loss
11/05/2017,San Antonio Spurs,109.4648762288628,Phoenix Suns,99.5362932624448,-9.928582966417991,9.928582966417991,209.0011694913076,-10.0,10.0,210.0,-0.07141703358200857,0.07141703358200857,-0.9988305086924072,Phoenix Suns,Under,112.0,95.0,17.0,-17.0,207.0,Loss,Win
11/05/2017,New York Knicks,103.81392713867191,Indiana Pacers,104.97766295478537,1.1637358161134443,-1.1637358161134443,208.7915900934573,1.0,-1.0,215.0,-0.16373581611344434,0.16373581611344434,-6.208409906542728,Indiana Pacers,Under,108.0,101.0,7.0,-7.0,209.0,Loss,Win
11/05/2017,Minnesota Timberwolves,108.87464511169813,Charlotte Hornets,108.61542561263404,-0.2592194990640735,0.2592194990640735,217.49007072433216,-5.5,5.5,221.5,-5.240780500935927,5.240780500935927,-4.009929275667844,Charlotte Hornets,Under,112.0,94.0,18.0,-18.0,206.0,Loss,Win
11/05/2017,Portland Trail Blazers,101.34214770031436,Oklahoma City Thunder,104.08317481286898,2.741027112554633,-2.741027112554633,205.4253225131833,2.5,-2.5,210.0,-0.24102711255463305,0.24102711255463305,-4.5746774868166815,Oklahoma City Thunder,Under,103.0,99.0,4.0,-4.0,202.0,Loss,Win
11/05/2017,Los Angeles Lakers,105.07466531570341,Memphis Grizzlies,104.05332345312429,-1.0213418625791064,1.0213418625791064,209.1279887688277,2.0,-2.0,206.0,3.0213418625791064,-3.0213418625791064,3.1279887688277204,Los Angeles Lakers,Over,107.0,102.0,5.0,-5.0,209.0,Win,Win
