Player,Team,Min,G,MPG,OPM,DPM,Playing
DeAndre' Bembry,atl,1170,78,15.104247104247104,-1.8498225868725868,-0.238363416988417,1
Dennis Schroder,atl,2574,78,33.0,1.9787614613180515,-2.234867550143267,1
Dewayne Dedmon,atl,1872,78,24.034812409812407,-2.8678156565656567,2.264318398268398,1
Ersan Ilyasova,atl,2002,77,25.71566164154104,-1.012084422110553,-0.036889195979899495,0
Jeremy Evans,,0,0,0,-1.8379551,0.000484073,1
John Collins,atl,1560,78,19.852099236641223,-1.6572774045801524,-0.05265946564885499,1
Kent Bazemore,atl,2106,78,27.675477489768074,-1.9379241473397,0.3065269440654843,1
Luke Babbitt,atl,0,0,2.398026315789474,-1.1837024424342106,-0.97927390625,1
Malcolm Delaney,atl,1092,78,15.454545454545453,-2.944431515151515,-1.058372121212121,1
Marco Belinelli,atl,1800,75,25.069444444444446,0.01902465277777779,-2.351011388888889,1
Mike Muscala,atl,1404,78,19.306185944363104,-1.323123206442167,0.38274121522693993,1
Miles Plumlee,atl,980,77,13,-2.9586868,0.5545395,0
Nicolas Brussino,atl,390,78,4.9791252485089466,-1.6462511928429424,-0.6052600397614314,1
Quinn Cook,gsw,0,0,0.001996007984031936,0.04252672754491018,-1.5610043912175648,1
Taurean Prince,atl,2340,78,30,-2.4248943,1.7734165,1
Tyler Dorsey,atl,390,78,4.951375245579568,-2.3554689587426325,-2.2108964636542243,1
Allen Crabbe,bkn,2340,78,28.602175463623393,-0.15312453637660484,-1.8997411554921542,1
Caris LeVert,bkn,1728,72,25.19519363762102,-1.0223926694329184,-0.5136960580912863,1
D'Angelo Russell,bkn,2310,77,29.035453597497387,2.212747737226277,-1.7725788321167881,1
DeMarre Carroll,bkn,1496,68,23.73621643779463,0.028795552367288445,0.6366374461979913,1
Isaiah Whitehead,bkn,780,78,9.950495049504951,-1.678959306930693,-1.123230297029703,1
Jarrett Allen,bkn,936,78,12.457627118644067,-2.962656101694915,0.324861186440678,1
Jeremy Lin,bkn,1752,73,24.047619047619047,0.0352627619047619,-0.9814653333333332,0
Joe Harris,bkn,434,77,9.062500000000002,-0.535657578125,-1.70170640625,1
Quincy Acy,bkn,936,78,12.42812676853424,-1.6514539049235994,-0.7584609507640069,0
Rondae Hollis-Jefferson,bkn,1825,73,25.33162905500705,-0.9779969675599437,1.3596527503526095,1
Sean Kilpatrick,bkn,780,78,10.019460138104206,-0.3511643126177025,-2.4151948210922782,1
Spencer Dinwiddie,bkn,385,77,9.842105263157896,0.8401247807017547,-0.7485438596491228,1
Timofey Mozgov,bkn,1404,78,17.56957735247209,-3.67958668261563,0.12645175438596493,1
Trevor Booker,bkn,1794,78,22.77123338257016,-1.4404520679468242,0.7829728951255538,1
Tyler Zeller,bkn,780,78,10.019460138104206,-2.5643335216572503,0.37311694915254234,1
Al Horford,bos,2464,77,31.957781456953644,0.412312582781457,2.3214527814569537,1
Andrew White,,0,0,0,-2.8300869,-0.97011274,1
Aron Baynes,bos,1326,78,17.66033434650456,-2.2607424012158055,1.5845026595744678,1
Daniel Theis,bos,624,78,9.113431419079259,-1.1186046511627907,-0.47475083056478407,1
Gordon Hayward,bos,2652,78,33.712871287128706,2.811962277227723,-0.0866770297029703,0
Guerschon Yabusele,bos,390,78,4.963592233009709,0.660708640776699,-0.35631592233009707,1
Jaylen Brown,bos,2106,78,28.78693931398417,-1.4214735488126646,-0.45137176781002636,1
Jayson Tatum,bos,1388,78,22.850263852242747,-0.7735591029023746,0.42841813984168853,1
Jonathan Holmes,,0,0,0,-1.5628725,0.098473161,1
Kadeem Allen,bos,0,0,0,-1.9417319,-0.80852848,1
Kyrie Irving,bos,2550,75,33.86882314694408,4.092558712613784,-0.8141738621586476,1
L.J. Peak,,0,0,0,-2.5457973,-1.6387244,1
Marcus Morris,bos,2340,78,30,-0.001875,0.0227736,1
Marcus Smart,bos,2280,76,29.869276218611517,-0.2519134416543575,0.999170974889217,1
Semi Ojeleye,bos,234,78,4.920608509626812,-1.9036262895174711,-1.6184995840266223,1
Shane Larkin,bos,0,0,1.3628670980587356,-0.9843740069686412,-1.3048211672473868,1
Terry Rozier,bos,1326,78,18.900325615050647,-0.4270049204052098,0.3060445007235889,1
Cody Zeller,cha,1850,74,24.310344827586206,-0.6992017241379311,2.8059170689655173,1
Dwayne Bacon,cha,624,78,12.33695652173913,-3.0172039855072468,-0.748030579710145,1
Dwight Howard,cha,2044,73,28.9506358768407,-2.5869953815261044,2.5538251673360106,1
Frank Kaminsky,cha,1872,78,25.126436781609197,0.18301278735632184,0.08712729885057473,1
Isaiah Hicks,nyk,0,0,0,-2.5376701,-0.78826392,1
Jeremy Lamb,cha,1569,76,24.016846361185983,0.3905782345013477,-0.13716752021563344,1
Johnny O'Bryant III,cha,228,76,3,-1.9113296,-1.1997684,1
Julyan Stone,cha,234,78,3.208494208494208,-1.6096525096525096,0.7633204633204632,0
Kemba Walker,cha,2618,77,34.26799485861182,5.131592223650386,-1.1254521850899741,1
Malik Monk,cha,1326,78,18.26388888888889,-2.051146888888889,-2.000795777777778,1
Marcus Paige,cha,0,0,0.01789264413518887,-0.670502097415507,-1.7840388667992046,1
Marvin Williams,cha,2340,78,28.633190883190885,-0.001008547008547009,0.8791121794871796,1
Michael Carter-Williams,cha,980,70,14,-1.5131822,0.8938066,1
Michael Kidd-Gilchrist,cha,1769,61,27.224742268041236,-1.1516543814432991,1.8280421821305843,0
Nicolas Batum,cha,1836,54,34,0.899408,0.0154341,0
Treveon Graham,cha,390,78,8.231835457187572,-0.7861683881064162,-0.18860273865414703,1
Antonio Blakeney,chi,0,0,0.001996007984031936,-2.5837493013972055,-2.2913250499002,1
Bobby Portis,chi,1404,78,18,-1.27301,-0.5551245,0
Cameron Payne,chi,488,61,8,-1.0357156,-0.9291025,0
Cristiano Felicio,chi,1248,78,16.054626532887404,-1.9961802675585287,0.54869372909699,1
David Nwaba,chi,0,0,3.4717237629146274,-1.6994960848287113,0.1842272185970637,1
Denzel Valentine,chi,1716,78,22.777096114519424,-1.7055319018404909,-0.4787861963190184,1
Diamond Stone,,0,0,0,-2.537961,0.60595858,1
Jarell Eddie,,0,0,0,-0.49343669,-1.4339859,1
Jerian Grant,chi,1895,78,25.339506172839506,-0.3996685925925925,-0.5950424444444443,1
Justin Holiday,chi,1872,78,27.49673202614379,-1.4535200980392158,-0.6104233893557424,1
Kris Dunn,chi,2184,78,27.811594202898547,-2.147490036231884,0.7998802536231883,1
Lauri Markkanen,chi,1404,78,22.068345323741006,-1.2900827338129495,-1.3607079856115107,1
Nikola Mirotic,chi,1925,77,25,0.5485423,0.9656631,0
Paul Zipser,chi,1404,78,18.934959349593495,-3.2945358536585365,0.0019043902439024572,1
Quincy Pondexter,chi,0,0,1.6734622144112483,-1.495471968365554,-0.7030048418277681,1
Robin Lopez,chi,2156,77,28.861960213488597,-1.0986989810771468,0.9198108442503639,1
Ryan Arcidiacono,chi,0,0,0.04950495049504951,-0.28580849504950495,-1.4717328712871287,1
Zach LaVine,chi,1984,62,32,0.7948049,-2.3709259,0
Ante Zizic,cle,0,0,0.10981156595191681,-0.03156185185185183,0.6898545321637427,1
Cedi Osman,cle,0,0,0.12509652509652508,-1.4539171814671814,-0.11988304536679534,1
Channing Frye,cle,936,78,11.534391534391533,-0.13997444444444443,-0.31378749999999994,1
Derrick Rose,cle,1755,71,25.64983713355049,-0.08338200325732899,-2.628027280130293,1
Dwyane Wade,cle,1850,74,24.263618464231023,-1.0277959418070441,-0.887537212863706,1
Iman Shumpert,cle,841,73,13.103721948549536,-1.2019912151067322,-0.2091283251231527,0
Isaiah Thomas,cle,1170,39,30,4.9521022,-3.4184651,0
Jae Crowder,cle,2028,78,25.890957446808514,0.343634609929078,-0.06208588652482265,1
Jeff Green,cle,234,78,6.82645259938838,-1.4362918195718652,-1.462824464831804,1
Jose Calderon,cle,576,72,7.873680943513345,-1.5724069832402232,-1.6725969273743015,1
JR Smith,cle,1825,73,25,-0.0910244,-0.9668272,1
Kay Felder,chi,0,0,1.4099467140319717,-1.9726182948490234,-1.7356622557726467,1
Kendrick Perkins,,0,0,0,-3.7328174,0.075890332,1
Kevin Love,cle,2356,76,30.755390835579515,1.8119445417789757,-0.13622210242587596,1
Kyle Korver,cle,1386,77,18.325381679389313,0.3162197709923664,-1.2889648091603052,1
LeBron James,cle,2695,77,35.74371859296482,6.508067211055275,1.1241451633165829,1
Richard Jefferson,den,0,0,0.04832347140039448,-1.9996780078895464,-0.9406170611439841,1
Tristan Thompson,cle,2028,78,24.875371471025257,-0.872504457652303,0.3968062407132244,0
Brandon Ashley,,0,0,0,-1.4739348,0.097095087,1
Dennis Smith Jr.,dal,1950,78,25,-0.7426471,-1.2746569,1
Devin Harris,dal,1140,76,15.355706984667803,-0.006698466780238534,-0.8562017035775126,1
Dirk Nowitzki,dal,1875,75,25.069387131285346,-0.8636600412654747,-0.06811994497936733,1
Dorian Finney-Smith,dal,944,78,11.978890876565297,-1.749115742397138,-0.2296707513416816,0
Dwight Powell,dal,390,78,8.265729585006692,-1.6797097138554216,0.9172417168674698,1
Harrison Barnes,dal,2695,77,34.91444581112478,-0.8081919434194342,-1.497026937269373,1
J.J. Barea,dal,1440,72,20.807722616233256,0.4978723404255319,-3.116312056737589,1
Jeff Withey,dal,0,0,0.21161228406909788,-2.2394252399232246,1.603111516314779,1
Johnathan Motley,dal,0,0,0,-2.1717792,-0.49765623,1
Josh McRoberts,dal,0,0,0,-2.1652374,0.24904352,0
Maxi Kleber,dal,234,78,3.7283905967450264,-1.4057866184448462,-0.9041591320072332,1
Nerlens Noel,dal,1776,74,22.74867724867725,-1.6129534226190476,2.67526443452381,1
PJ Dozier,okc,0,0,0,-2.8045549,-0.48051357,1
Salah Mejri,dal,936,78,11.721033210332102,-2.7969797970479706,3.121300461254612,1
Seth Curry,dal,2156,77,28,0.5921968,-1.0690399,0
Wesley Matthews,dal,2584,76,34.0,0.3533217741935483,-0.8753374069478908,1
Yogi Ferrell,dal,1560,78,23.365058670143416,0.2942974576271187,-1.370256779661017,1
Darrell Arthur,den,365,73,5.1640625,-1.4863710937499999,0.5969482421875,1
Emmanuel Mudiay,den,1440,72,20.417719167904902,-0.5269309063893016,-1.8782924219910846,1
Gary Harris,den,2356,76,31.425461741424805,2.155415897097625,-1.5885344327176782,1
Jamal Murray,den,1872,78,24.548974540311175,0.6937596888260256,-2.1506814002828856,1
Jameer Nelson,nop,1500,75,21.33435270132518,-0.8710751529051988,-2.040485474006116,1
Juan Hernangomez,den,780,78,9.911306042884991,-0.33091354775828463,-0.3507251461988304,0
Kenneth Faried,den,760,76,10.07366849178696,0.5878504355400697,-0.5153533972125436,1
Malik Beasley,den,390,78,5.285427807486632,-1.2949732620320857,-1.614329144385027,1
Mason Plumlee,den,1560,78,19.33562992125984,-0.1955865354330709,1.8574093700787402,1
Monte Morris,den,0,0,0,-0.80631483,-1.6417886,1
Nikola Jokic,den,2340,78,30.677248677248677,3.768749338624339,2.0069563492063494,1
Paul Millsap,den,2541,77,32.37666889185581,0.2078034045393859,1.496792857142857,1
Trey Lyles,den,234,78,3.0208494208494208,-1.4313843629343628,0.04578040540540541,1
Tyler Lydon,den,0,0,0,-2.2165575,-0.029223798,1
Will Barton,den,1778,77,24.290389972144848,0.774416364902507,-0.9677944289693594,1
Wilson Chandler,den,1764,63,28.691126855600537,-0.31851140350877194,-0.891955060728745,1
Andre Drummond,det,2340,78,30.99098951507208,-0.42916743119266054,3.6228909567496723,1
Anthony Tolliver,det,1170,78,15.564586846543003,-0.03404435075885328,-0.5836986509274873,1
Avery Bradley,det,2432,76,31.628012048192772,-0.33159484605087014,-0.8626502677376172,1
Beno Udrih,,0,0,0,-1.628168,-1.4492036,1
Boban Marjanovic,det,780,78,9.952380952380953,-0.9505659722222223,0.8612735119047619,1
Dwight Buycks,det,0,0,0,-0.22233176,-1.6025567,1
Eric Moreland,det,128,64,2.2264150943396226,-1.8169811320754716,-0.46792452830188674,1
Henry Ellenson,det,234,78,4.074245115452931,-2.797256838365897,0.08164520426287743,1
Ish Smith,det,1716,78,21.35244648318043,-0.3427260703363914,-0.8200786697247707,1
Jon Leuer,det,1925,77,23.28930817610063,-2.1052973270440254,0.451698820754717,0
Langston Galloway,det,1560,78,19.063703351556928,0.622986605657238,-1.2154266222961732,1
Luke Kennard,det,658,78,8.503164556962025,-1.6584538878842674,-1.8358254972875223,1
Reggie Bullock,det,350,70,5.470149253731343,-1.0015921641791046,0.10337938432835818,1
Reggie Jackson,det,2128,76,28.236301369863014,2.3578382876712336,-1.4346276027397262,1
Stanley Johnson,det,1872,78,26.273259705488623,-1.29214859437751,0.6531368139223561,1
Tobias Harris,det,2387,77,31.557325886990803,1.6787773981603156,-0.7111900788436268,1
Andre Iguodala,gsw,1848,77,24.66549295774648,0.7163183098591549,0.1702316197183098,1
Chris Boucher,gsw,0,0,0,-3.107461,1.2684042,0
Damian Jones,gsw,390,78,5,-2.2372217,0.0673685,1
David West,gsw,912,76,11.942148760330578,-1.2869470247933885,2.864318925619835,1
Draymond Green,gsw,2496,78,31.449325294286535,1.455057881136951,3.196088953488372,1
Georges Niang,,0,0,0,-0.7175355,-0.62691319,1
JaVale McGee,gsw,750,75,9.917825537294565,-1.3644968141592921,1.2210288495575223,1
Jordan Bell,gsw,276,78,4.583586626139817,-0.838446808510638,1.5549022163120567,1
Kevin Durant,gsw,2244,66,34.87705138552596,4.209226150121066,0.7052932808716706,1
Kevon Looney,gsw,216,72,3.2379576107899806,-1.1032537572254333,0.458654527938343,1
Klay Thompson,gsw,2574,78,33.29408512990602,3.00822157960199,-1.9662904228855718,1
Michael Gbinije,,0,0,0,-0.45112905,-0.33366552,1
Nick Young,gsw,1110,74,14.45608108108108,0.9292774493243243,-2.689287162162162,1
Omri Casspi,gsw,876,73,11.612546125461254,-0.7129207564575645,-0.18591023985239852,1
Patrick McCaw,gsw,780,78,10.441139767054908,-0.895110149750416,-1.0465065723793678,1
Shaun Livingston,gsw,1248,78,16.051587301587304,-1.6179346825396825,-0.5568399206349206,1
Stephen Curry,gsw,2574,78,33.00000000000001,8.888396863237139,-0.9489912797992474,1
Zaza Pachulia,gsw,1386,77,17.2663139329806,-1.933782142857143,1.8248159523809524,1
Cameron Oliver,,0,0,0,-3.2226093,0.25589418,1
Chinanu Onuaku,hou,234,78,3,-1.9472556,1.4621335,1
Chris Johnson,,0,0,0,-1.8845865,0.19676089,1
Chris Paul,hou,2310,77,30.18574108818011,4.921699249530956,0.8838814258911819,0
Clint Capela,hou,1848,77,24.17028817999692,0.18336927877947296,2.4887165742024964,1
Demetrius Jackson,hou,0,0,0.645909645909646,-0.7989949111721611,-1.459357967032967,1
Eric Gordon,hou,2130,71,31.12859007832898,1.8444333550913838,-2.525122650130548,1
Isaiah Taylor,atl,0,0,1.4327485380116958,-0.600220043859649,-1.7255801754385962,1
James Harden,hou,2730,78,35.43771043771044,6.555750787878789,-0.31569060606060606,1
Luc Mbah a Moute,hou,1322,77,20.923088213709086,-2.673353302509908,1.6268371862615587,1
Nene,hou,1184,74,16,-2.0723569,1.6948869,1
PJ Tucker,hou,1950,78,25,-1.0998986,0.9736745,1
Ryan Anderson,hou,2072,74,29.374611252473848,1.2058643129770992,-1.3949999363867682,1
Tarik Black,hou,624,78,8.064705882352941,-1.8940219669117644,1.4051464154411764,1
Tim Quarterman,,0,0,0,-0.86992359,-0.83837569,1
Trevor Ariza,hou,2652,78,34.52241083349228,-0.6884839786381843,0.8436638184245662,1
Troy Williams,hou,624,78,7.937869822485206,-2.334351479289941,-0.1125317554240631,1
Al Jefferson,ind,876,73,12.491958372753075,-2.1795505794701984,0.6186567052980132,1
Alex Poythress,ind,0,0,0.049019607843137254,-1.4473304901960784,-0.6332350294117647,1
Bojan Bogdanovic,ind,1716,78,23.99054332874828,-0.17218610729023384,-2.5527048830811556,1
Cory Joseph,ind,1950,78,24.622822931785194,-0.008837373004354134,-0.7554166908563134,1
Darren Collison,ind,1850,74,27.273872679045095,2.193075198938992,-1.8109410477453582,1
Domantas Sabonis,ind,1560,78,22.11173184357542,-1.4409831703910616,1.1539122206703911,1
Edmond Sumner,ind,0,0,0,-2.1493192,-0.9808985,0
Glenn Robinson III,ind,1180,59,20,-1.0682652,-0.6033561,0
Ike Anigbogu,ind,234,78,3.0,-3.3077412109375,0.330621875,1
Jarrod Uthoff,,0,0,0,-2.4858336,1.1845821,1
Joe Young,ind,234,78,3.122960151802656,-1.2807359582542694,-2.044060531309298,1
Lance Stephenson,ind,1782,77,22.092075038284836,-3.209469142419601,-0.955868453292496,1
Myles Turner,ind,2464,77,32.12734082397003,-0.2966172284644194,2.2363824906367036,1
Thaddeus Young,ind,2156,77,29.53947368421053,-0.3853430263157894,1.0303482894736842,1
TJ Leaf,ind,1170,78,15,-1.8717608,-0.5881004,1
Victor Oladipo,ind,2508,76,32.416666666666664,2.0866101333333336,-0.08070659999999998,1
Austin Rivers,lac,2310,77,30.171268507402964,0.03513928571428573,-0.9634336834733895,1
Blake Griffin,lac,2312,68,33.862973760932945,3.4453430612244897,1.0724872108843537,1
Brice Johnson,lac,365,73,5.0347490347490345,-1.2112151544401544,0.8841619691119691,1
Danilo Gallinari,lac,2310,70,33.369611444036344,1.326720094722598,-0.11225115020297706,1
DeAndre Jordan,lac,2496,78,31.868634832573807,0.3857775312066574,2.905626144244106,1
Jawun Evans,lac,0,0,0.1906614785992218,-0.7001158852140078,-1.7946731517509726,1
Lou Williams,lac,2028,78,25.00087642418931,3.3524852760736192,-2.4340493098159506,1
Marshall Plumlee,,0,0,0,-1.7121123,0.91666812,1
Milos Teodosic,lac,1872,78,23.518796992481203,-1.0721804511278195,-1.8503759398496238,0
Montrezl Harrell,lac,390,78,5.1415094339622645,-0.40025943396226416,0.20435462264150941,1
Patrick Beverley,lac,2072,74,28.725505910639153,1.5499172510518935,1.0309234221598877,1
Sam Dekker,lac,1420,71,18.99261992619926,-0.17149326568265683,-0.56360036900369,1
Sindarius Thornwell,lac,390,78,5.665334665334666,-1.1126729020979023,0.116455506993007,1
Tyrone Wallace,,0,0,0,-0.93749249,-1.2478489,1
Wesley Johnson,lac,637,78,9.76958525345622,-1.781333064516129,1.8319981451612901,1
Willie Reed,lac,1078,77,13.629657044164817,-2.1337853195164076,0.4636730569948186,1
Andrew Bogut,lal,972,54,17.14211172498465,-3.1217535911602208,4.099873480662984,1
Brandon Ingram,lal,2340,78,30.5895225464191,-1.558685676392573,-0.5628153846153847,1
Briante Weber,hou,0,0,0,-1.2335414,-0.85344708,1
Brook Lopez,lal,1925,77,24.756313131313128,0.16846046176046175,0.9410230880230879,1
Corey Brewer,lal,390,78,7.048354735152487,-2.4962436597110753,0.8731621990369182,1
Ivica Zubac,lal,936,78,11.960159362549799,-2.7251591633466137,0.727651593625498,1
Jordan Clarkson,lal,1560,78,19.9698406676783,0.8652328528072837,-2.6458839150227615,1
Josh Hart,lal,390,78,6.547619047619048,-1.18701375,-0.46333225,1
Julius Randle,lal,1848,66,25.92055895865237,-0.35626944869831545,0.305389280245023,1
Kentavious Caldwell-Pope,lal,2508,76,32.67752050168837,0.6200884949348769,-0.22068740955137478,1
Kyle Kuzma,lal,1213,78,19.221988795518207,-0.37237563025210085,-1.067576050420168,1
Larry Nance Jr.,lal,1520,76,20,-1.2468913,1.7824048,0
Lonzo Ball,lal,2340,78,31.12859007832898,-0.9636091383812012,0.3121193211488251,1
Luol Deng,lal,1540,77,19.822612085769983,-1.0263262183235866,0.4698986354775828,1
Thomas Bryant,lal,234,78,3,-3.1183691,0.2201913,1
Tyler Ennis,lal,936,78,11.607120352867044,-1.0844762759924387,-1.2379478260869563,1
Andrew Harrison,mem,1560,78,19.63079598145286,-1.4107705564142194,0.054161978361669215,1
Ben McLemore,mem,1825,73,25,-0.8868519,-1.2253467,0
Brandan Wright,mem,972,54,17.26797385620915,-1.853850163398693,0.5870748366013072,1
Chandler Parsons,mem,1340,67,19.447004608294932,-0.15854322580645155,0.06015870967741935,1
Deyonta Davis,mem,390,78,4.98807157057654,-2.4630944333996023,0.9560889662027833,1
Dillon Brooks,mem,390,78,12.668656207366986,-2.6084019099590723,0.06982326057298778,1
Ivan Rabb,mem,234,78,2.996007984031936,-2.334317664670659,-0.32990908183632733,1
James Ennis III,mem,1872,78,24,-0.6538315,0.2163981,1
JaMychal Green,mem,2340,78,29.793650793650794,-0.9806216269841269,0.17304632936507935,0
Jarell Martin,mem,0,0,6.362627365356623,-2.7103056040756908,1.3100338719068412,1
Kobi Simmons,mem,0,0,0,-3.9566569,-1.9244505,1
Marc Gasol,mem,2584,76,34.13306451612903,0.007434709677419355,2.4711769032258064,1
Mario Chalmers,mem,936,78,15.004562043795618,-1.3551746715328465,0.0901830218978102,1
Mike Conley,mem,2442,74,32.39470013947002,3.418688842398884,-0.8542905857740586,0
Rade Zagorac,,269,78,3,-0.5152338,-0.2710814,1
Tyreke Evans,mem,1512,63,24.397048364153626,1.2768960881934566,0.18571671408250354,1
Vince Hunter,,0,0,0,-1.240766,-0.098961286,1
Wade Baldwin IV,por,390,78,5,-3.2591131,0.1765107,0
Wayne Selden,mem,1560,78,20,-1.4012753,-0.7440361,0
AJ Hammons,mia,0,0,0,-2.0250082,1.5086331,1
Bam Adebayo,mia,624,78,9.709090909090909,-2.248263552188552,-0.6924313973063974,1
DeAndre Liggins,mil,0,0,1.6734622144112483,-2.7175934973637963,0.7006093673110722,1
Derrick Walton Jr.,mia,0,0,0,-0.76368546,-2.10903,1
Dion Waiters,mia,2280,76,30.852635704487557,-0.2955877914951989,-0.9996316186556927,1
Goran Dragic,mia,2464,77,32.88771390117285,1.9142098250336474,-1.488028196500673,1
Hassan Whiteside,mia,2464,77,31.944049733570164,-1.1984769094138545,2.41458028419183,1
James Johnson,mia,2079,77,27.20864567716142,-0.6862111694152923,1.8595895052473763,1
Jordan Mickey,mia,0,0,0.7424242424242424,-1.1935045265151514,-0.12025123674242426,1
Josh Richardson,mia,1694,77,25.587409861625414,-1.1795388130968623,0.27936432469304234,1
Justise Winslow,mia,1704,71,24.146258503401366,-1.8250415922619048,0.6060762648809525,1
Kelly Olynyk,mia,1520,76,20.36449418477068,0.4641672043010752,1.3146529953917052,1
Larry Drew II,,0,0,0,-1.5691321,-2.6452844,1
Okaro White,mia,234,78,3.8083795440542203,-2.0040073937153418,-0.1259909426987061,1
Rodney McGruder,mia,1716,78,22,-0.3218962,-0.9040917,0
Tyler Johnson,mia,1606,73,23.19603753910323,0.06502270072992698,-0.3807019708029197,1
Udonis Haslem,mia,0,0,0,-3.8471711,0.19986182,1
Wayne Ellington,mia,1295,76,16.547619047619047,0.4745900833333333,-1.8322306666666666,1
Brandon Rush,,0,0,0,-2.1155844,-0.96389794,1
D.J. Wilson,mil,780,78,9.854734111543449,-2.3618411478599217,-0.5216964980544747,1
Gary Payton II,mil,0,0,0,0.85476476,0.2132874,1
Gerald Green,,0,0,0,-1.255797,-1.5053519,1
Giannis Antetokounmpo,mil,2808,78,36.27770780856422,4.565996914357681,2.1433647984886646,1
Greg Monroe,mil,1794,78,22.017616580310882,-0.40936373056994824,0.42944801381692577,0
Jabari Parker,mil,725,29,25,0.688293,-1.0807616,0
James Young,,0,0,0,-0.81340492,-0.54057181,1
Jason Terry,mil,929,78,11.939539347408829,-1.0217231285988484,-0.7875223608445298,1
Joel Anthony,,0,0,0,-2.5176663,0.79548573,1
John Henson,mil,740,74,12.30003805175038,-3.03685799086758,2.6196486301369863,1
Khris Middleton,mil,2555,73,35.36548223350253,0.576776269035533,-0.46755076142131985,1
Malcolm Brogdon,mil,2184,78,29.53033268101761,1.5940734246575343,-1.4807430821917809,1
Matthew Dellavedova,mil,1848,77,23.540560471976402,-1.0448527286135694,-2.1274127581120945,1
Mirza Teletovic,mil,1110,74,15.285459587955627,-0.23042939778129948,-1.852395087163233,1
Rashad Vaughn,mil,385,77,5.455340699815838,-1.5131531307550645,-1.246526979742173,1
Sterling Brown,mil,234,78,3.0723514211886305,-1.8143292635658912,-0.5792625968992248,1
Thon Maker,mil,1404,78,17.811813186813186,-0.9988785714285715,0.3737089481946625,1
Tony Snell,mil,2184,78,29.40042932628798,0.7376479524438573,-1.3016077939233819,1
Xavier Munford,,0,0,0,-0.89103246,-0.40418288,1
Aaron Brooks,min,0,0,0.04832347140039448,-1.0398927021696251,-2.111636982248521,1
Amile Jefferson,,0,0,0,-1.8855574,0.12120813,1
Andrew Wiggins,min,2886,78,36.500796178343954,0.986665668789809,-2.54609898089172,1
Anthony Brown,min,0,0,0,-1.9447855,-0.60348094,1
Cole Aldrich,min,234,78,3.006903353057199,-2.3077120315581854,2.506460355029586,1
Gorgui Dieng,min,1950,78,23.075885668276975,-0.13696070853462164,1.7726652173913044,1
Jamal Crawford,min,1386,77,18.617469879518072,0.2931998493975903,-3.0843462349397592,1
Jeff Teague,min,2652,78,33.57020997375328,1.749987467191601,-1.2606938976377953,1
Jimmy Butler,min,2812,76,37.10313075506446,2.9568690607734807,0.3692041436464088,1
Justin Patton,min,0,0,0,-2.5979106,0.36922765,0
Karl-Anthony Towns,min,2886,78,35.73810299869621,3.464629009126467,-0.2285965449804433,1
Melo Trimble,,0,0,0,-1.9553483,-1.9718809,1
Nemanja Bjelica,min,912,76,12.60889694041868,0.8047078099838969,0.07948832528180354,1
Shabazz Muhammad,min,892,74,12.75479233226837,-0.5948589456869009,-3.076033146964856,1
Taj Gibson,min,1900,76,26.398809523809522,-0.9123395238095238,0.9901068027210884,1
Tyus Jones,min,1170,78,15.000000000000002,-0.43580798387096775,-1.1162733870967743,1
Alexis Ajinca,nop,390,78,5,-3.2244711,1.3974653,0
Anthony Davis,nop,2700,75,35.671140939597315,2.12914966442953,2.6638809395973153,1
Cheick Diallo,nop,674,78,8.887667887667888,-3.614786813186813,0.8868473443223442,1
Cliff Alexander,,0,0,0,-1.8249519,-0.020562574,1
Dante Cunningham,nop,1950,78,26.05381705639615,-2.1245178129298488,-0.22991189821182947,1
Darius Miller,nop,780,78,10.053387650085764,-1.9286628644939967,-1.0239926243567754,1
DeMarcus Cousins,nop,2550,75,35.36220349563047,3.642497191011236,3.1561761548064924,1
E'Twaun Moore,nop,1925,77,27.273872679045095,-0.6730468832891248,-1.0140309681697612,1
Frank Jackson,nop,0,0,0,-2.6134546,-2.3348839,0
Ian Clark,nop,1170,78,16.47095202398801,-0.6022263868065967,-1.7237290104947525,1
Jordan Crawford,,780,78,10.585661080074487,-0.04675959031657358,-1.8287862197392923,1
Jrue Holiday,nop,2304,72,33.90981806775408,0.289290338770389,-0.023228168130489335,1
Martell Webster,,0,0,0,-1.5458474,-0.96092242,1
Omer Asik,nop,0,0,0,-3.2651248,1.0964936,0
Rajon Rondo,nop,2156,77,28,-1.0481389,-0.3835063,0
Solomon Hill,nop,525,21,25,-0.8408142,0.708614,0
Tony Allen,nop,1776,74,22.059232715008434,-2.5270667790893766,1.3438321247892075,1
Courtney Lee,nyk,2496,78,31.91214879303522,-0.2481202908587258,-0.6435974376731302,1
Damyean Dotson,nyk,390,78,5.16536312849162,-1.560722067039106,-1.533174208566108,1
Doug McDermott,nyk,1125,75,16.36321483771252,-0.053742890262751135,-2.154877666151468,1
Enes Kanter,nyk,1560,78,20.965731420004282,1.1873976761619192,-0.8622552473763118,1
Frank Ntilikina,nyk,624,78,9.436734693877552,-1.9656393707482993,-0.26245782312925164,1
Jarrett Jack,nyk,0,0,5.291255961844198,-2.114240381558029,-0.9722211446740858,1
Joakim Noah,nyk,415,54,8,-1.9277883,1.9942828,0
Kristaps Porzingis,nyk,2541,77,33.04527712724434,0.5602420081967213,0.8870756147540984,1
Kyle O'Quinn,nyk,616,77,9.576074332171894,-1.1916280487804878,2.5635044715447157,1
Lance Thomas,nyk,1080,72,14.731438721136767,-2.3797721136767316,-1.4449447602131442,1
Luke Kornet,nyk,0,0,0,-4.0313783,0.95445299,1
Michael Beasley,nyk,1155,77,14.533568904593636,-2.1817410777385158,-0.4898364840989399,1
Mindaugas Kuzminskas,nyk,390,78,5,-0.918705,-1.1394022,1
Nigel Hayes,,0,0,0,-2.2105823,-1.0984755,1
Ramon Sessions,nyk,1672,76,21.891025641025642,-1.529613247863248,-1.2838063247863247,1
Ron Baker,nyk,1404,78,17.824817518248175,-2.1540452554744522,-0.8521029197080291,1
Tim Hardaway Jr.,nyk,2340,78,30,1.0016669,-1.4194859,1
Trey Burke,,0,0,0,-0.20220995,-2.7322767,1
Willy Hernangomez,nyk,1872,78,22.73868613138686,-0.8016340328467153,0.9484683394160585,1
Alex Abrines,okc,1404,78,18.27334083239595,-0.6006077952755906,-1.1991266141732282,1
Andre Roberson,okc,2310,77,27.612374886260238,-1.4949480095541403,1.4845710987261147,1
Carmelo Anthony,okc,2376,72,33.09082050282596,1.2160695088676672,-0.9561050477489769,1
Dakari Johnson,okc,624,78,7.9160104986876645,-1.8016975393700785,1.251902559055118,1
Daniel Hamilton,okc,0,0,0,-0.78927398,-0.22934283,1
Isaiah Canaan,,0,0,0.031746031746031744,-1.0118473214285715,-1.982331746031746,1
Jerami Grant,okc,1452,77,19.81930854533594,-1.7070423896499238,0.9463017503805176,1
Josh Huestis,okc,0,0,1.6504663721158568,-1.3498856529209622,0.4121395360824743,1
Kyle Singler,okc,624,78,8,-2.4654114,-0.2637463,1
Nick Collison,okc,234,78,3.01980198019802,-3.1630908910891087,0.6468324752475246,1
Patrick Patterson,okc,1540,77,19.03195802528023,-0.08455692821368951,0.5663793823038398,1
Paul George,okc,2772,77,34.967862041936115,1.8234530178326476,0.7490576131687242,1
Raymond Felton,okc,1386,77,17.94322344322344,-0.42142195512820513,-0.5834929487179488,1
Russell Westbrook,okc,2618,77,33.7729487429351,6.348499863574352,1.850766712141883,1
Semaj Christon,,0,0,0,-3.0275741,-1.5291781,1
Steven Adams,okc,2340,78,30.214785214785216,0.9946425874125874,2.406402937062937,1
Terrance Ferguson,okc,0,0,0.3208020050125313,-1.9853016917293231,-0.04379810620300752,1
Aaron Gordon,orl,2325,75,31.0,2.2045101311953355,0.3670513119533528,1
Adreian Payne,orl,0,0,0,-2.1345937,0.24560116,0
Arron Afflalo,orl,385,77,5.201219512195122,-1.8461400562851782,-2.3941702626641646,1
Bismack Biyombo,orl,1716,78,20.561074918566774,-3.48261164495114,1.353488273615635,1
D.J. Augustin,orl,624,78,11.838235294117649,0.5385082352941177,-2.2013912500000004,1
Damjan Rudez,,0,0,0,-2.4963884,-0.79907525,1
Elfrid Payton,orl,2340,78,29.41025641025641,0.7610573260073259,-0.18045201465201466,0
Evan Fournier,orl,2400,75,32.61363636363637,2.950766103896104,-1.0126987662337663,1
Jonathan Isaac,orl,1092,78,14.908244378832613,-1.3812486486486486,1.312610651828299,1
Jonathon Simmons,orl,1458,78,20.926418439716315,-0.6949221276595745,-0.2299723404255319,1
Mario Hezonja,orl,624,78,8.523318605792834,-1.9772406357388317,-0.8866504295532647,1
Marreese Speights,orl,1092,78,13.688086642599277,0.29035676895306856,-0.3857060469314079,1
Nikola Vucevic,orl,2128,76,28.9506358768407,0.09636854082998651,1.7172384203480588,1
Shelvin Mack,orl,1078,77,15.050552922590839,-0.5369042654028436,-1.2187906793048973,1
Terrence Ross,orl,2028,78,26.578319502074688,-0.6540610650069156,-0.26196839557399726,1
Wes Iwundu,orl,390,78,5,-1.485948,-0.9096824,1
Amir Johnson,phi,1170,78,15.313291139240507,-0.9039435126582278,1.9250774525316454,1
Ben Simmons,phi,1876,67,30.411953727506425,1.0790026992287916,1.2905578406169664,1
Dario Saric,phi,2028,78,25.31686046511628,-1.6523522529069767,-0.4709712209302326,1
Furkan Korkmaz,phi,390,78,5,-0.81519246,-1.0121039,1
Jahlil Okafor,phi,888,74,12.421455938697317,-2.838862260536398,-0.42580038314176244,1
James Blackmon Jr.,,0,0,0,-1.8336229,-2.2923894,1
James Michael McAdoo,phi,0,0,0,-2.2440505,0.70344019,1
Jerryd Bayless,phi,1044,58,22.47020639147803,-0.24304414114513978,-1.5758035952063916,1
JJ Redick,phi,2184,78,28,1.3187925,-1.9954801,1
Joel Embiid,phi,1250,50,25.716141001855284,0.2769912698412698,3.0890281385281377,1
Justin Anderson,phi,624,78,8.428571428571427,-1.130222232142857,-1.0557624107142856,1
Kris Humphries,,0,0,0,-2.429842,0.023409747,1
Markelle Fultz,phi,1950,78,24.208333333333332,-1.0011846354166667,-1.1372335069444446,0
Nik Stauskas,phi,986,78,12.83657587548638,-0.42824066147859924,-1.522244747081712,1
Richaun Holmes,phi,1140,76,15,-0.5958176,0.4245111,1
Robert Covington,phi,2356,76,30.876677852348994,0.5396118120805369,1.8829577852348993,1
T.J. McConnell,phi,1560,78,20.417719167904902,-0.6645375185735511,-0.1562311292719168,1
Timothe Luwawu-Cabarrot,phi,624,78,8.85906685906686,-0.9500978114478116,-0.584120202020202,1
Alan Williams,phx,165,11,15,-1.4772186,0.9463754,0
Alec Peters,phx,0,0,0.1906614785992218,-2.2502999999999997,-1.1070672178988326,1
Alex Len,phx,1694,77,22.03380588876772,-2.382920839694657,1.148132671755725,1
Brandon Knight,phx,0,0,0,-0.12853503,-2.2855716,0
Davon Reed,phx,200,40,5,-1.9374382,-1.1280274,0
Derrick Jones Jr.,phx,390,78,5,-0.7539378,-0.5412602,1
Devin Booker,phx,2730,78,34.30890052356021,2.101795222513089,-2.3096924083769634,1
Dragan Bender,phx,1140,76,16.663690476190478,-2.5204943452380952,0.5976104166666667,1
Elijah Millsap,,0,0,0,-2.3805242,-0.20694822,1
Eric Bledsoe,phx,2368,74,31.383076043453404,1.8841321612349917,-0.8072089193825043,0
Jared Dudley,phx,783,78,9.950495049504951,-0.7048534653465347,0.5459706930693069,1
Josh Jackson,phx,2184,78,26.741084425036387,-1.590938136826783,-0.5209727802037846,1
Marquese Chriss,phx,1950,78,23.88855421686747,-1.5366689759036143,0.46368403614457837,1
TJ Warren,phx,2044,73,28,-0.0330162,-1.1903296,1
Troy Daniels,phx,624,78,9.03688524590164,0.025768196721311476,-2.6468625409836064,1
Tyler Ulis,phx,1560,78,19.677719736543263,-1.198754610492846,-2.411315182829889,1
Tyson Chandler,phx,1848,77,24.397048364153626,-1.4660554765291607,1.329205761024182,1
Al-Farouq Aminu,por,2156,77,28.691126855600537,-0.055652429149797546,2.253197908232119,0
Anthony Morrow,,0,0,0,-0.82058561,-1.9973401,1
Archie Goodwin,,0,0,0,-0.40490437,-1.558745,1
Caleb Swanigan,por,844,78,11.039906103286384,-1.5991235035211266,-0.5147341549295774,1
CJ McCollum,por,2695,77,35,2.6656594,-1.5637548,1
CJ Wilcox,por,0,0,0,-0.79285562,-0.84110439,0
Damian Lillard,por,2808,78,36.220479828441235,5.72783697225573,-1.2065787696019301,1
Ed Davis,por,1155,77,16.019374068554395,-0.8594976154992549,1.1752140089418779,1
Evan Turner,por,2156,77,28.15049970605526,-1.614338425925926,0.8535224206349207,1
Isaiah Briscoe,,0,0,0,-1.9226485,-1.9140025,1
Jake Layman,por,234,78,3.1089494163424125,-1.895373346303502,-0.45992490272373543,1
Jusuf Nurkic,por,2190,73,29.12064343163539,-2.400330160857909,2.4808821715817695,1
Maurice Harkless,por,2184,78,28.342969776609724,-0.584985085413929,1.1539425755584758,1
Meyers Leonard,por,924,77,11.884912959381044,-1.0231537717601547,-0.3044623791102514,0
Noah Vonleh,por,852,71,12.106060606060606,-2.652491477272727,0.675120928030303,1
Pat Connaughton,por,234,78,8.086705202312139,-0.45406156069364156,-1.2921332369942198,1
Shabazz Napier,por,624,78,7.971916971916972,0.08109212454212451,-1.1989755494505492,1
Zach Collins,por,624,78,8.015873015873016,-2.855287047619047,0.5234360952380952,1
Bogdan Bogdanovic,sac,1716,78,22.47073954983923,-0.6892659163987138,-0.892376848874598,1
Buddy Hield,sac,2184,78,26.89017341040463,-0.5814562861271676,-2.12073460982659,1
De'Aaron Fox,sac,1716,78,23.50837988826816,-0.9198764664804469,-1.6881492318435756,1
Frank Mason,sac,624,78,8.439655172413792,-0.7242038112522685,-2.8535048094373865,1
Garrett Temple,sac,1368,76,19.2178517397882,-0.9720819213313162,-0.10893086232980333,1
George Hill,sac,2070,69,29.323644609358894,0.4014959595959596,-0.7609847763347763,1
Georgios Papagiannis,sac,390,78,5.0234375,-2.03649677734375,0.8063071289062499,1
Harry Giles,sac,135,45,3,-2.1457605,0.4322401,0
JaKarr Sampson,sac,0,0,0.16471734892787523,-2.449804093567251,-0.5066971442495126,1
Justin Jackson,sac,866,78,12.386737089201878,-1.8178729264475746,-1.957698669796557,1
Kosta Koufos,sac,1404,78,18.233128834355828,-2.643753680981595,1.8812682515337422,1
Malachi Richardson,sac,385,77,5.992592592592594,-2.061397795414462,-1.4830344797178132,1
Skal Labissiere,sac,1872,78,23.540560471976402,-1.450367109144543,-0.04242374631268437,1
Vince Carter,sac,1386,77,17.04968944099379,-2.285360086956522,-0.49276078260869566,1
Willie Cauley-Stein,sac,1716,78,23.215973201692524,-1.5015937940761637,1.3012258110014105,1
Zach Randolph,sac,1848,77,23.890015600624025,-1.4698179407176286,-0.8959720748829952,1
Brandon Paul,sas,390,78,6.935483870967742,-1.0580645161290323,-1.0935483870967744,1
Bryn Forbes,sas,0,0,1.2844454072790297,-1.4753483535528595,-1.982166204506066,1
Danny Green,sas,2028,78,27.209349593495936,-0.7098869241192413,1.9364141598915987,1
Darrun Hilliard,sas,0,0,0,-1.7239866,-0.8229906,1
Davis Bertans,sas,936,78,11.668913857677902,-0.3275279026217229,0.3376766853932584,1
Dejounte Murray,sas,1050,78,16.144812680115272,-2.009533573487032,0.1366886167146975,1
Derrick White,sas,386,78,5.010076775431862,-1.940213243761996,-0.38996218809980804,1
Joffrey Lauvergne,sas,1170,78,15.057282145033513,-1.768614533820841,-0.7678058500914076,0
Kawhi Leonard,sas,2508,76,33,4.5923266,1.9027772,0
Kyle Anderson,sas,1092,78,17.77156381486676,-1.3129085553997195,2.098047405329593,1
LaMarcus Aldridge,sas,2464,77,32.79651162790698,0.8544985788113696,0.6239410206718345,1
Manu Ginobili,sas,1110,74,16.13126810786717,-0.7167337753510139,0.5952404836193448,1
Patty Mills,sas,1672,76,22.303832116788318,0.12472007299270074,-1.6048086861313868,1
Pau Gasol,sas,1900,76,24.85919540229885,-0.10508721264367817,2.5513473419540236,1
Rudy Gay,sas,1632,68,23.66642228739003,-0.21882595307917893,0.8911895161290323,1
Tony Parker,sas,1342,61,22,-0.9180319,-1.5601757,0
Bruno Caboclo,tor,257,78,3.006903353057199,-2.0552268244575935,-0.9157790927021696,1
CJ Miles,tor,2128,76,28,0.3291242,-1.18213,1
Delon Wright,tor,1500,75,21.046551355968393,-0.32412324364723466,0.5117098654708521,1
DeMar DeRozan,tor,2660,76,34.45507698304424,1.5118036834924964,-1.0147521145975444,1
Fred VanVleet,tor,390,78,6.037851037851039,-1.9908990598290597,-0.3535000854700855,1
Jakob Poeltl,tor,1404,78,18.27334083239595,-1.0931597637795276,1.9471670866141733,1
Jonas Valanciunas,tor,2002,77,25.331544424567685,-0.13508747763864049,0.7354776386404294,1
Kennedy Meeks,,0,0,0,-2.1017947,0.72665226,1
KJ McDaniels,,0,0,0,-1.6114563,-0.28474212,1
Kyle Lowry,tor,2736,76,34.92621664050235,3.5270013736263737,0.2944621565934066,1
Kyle Wiltjer,,0,0,0,-2.2837095,-1.2002033,1
Lorenzo Brown,tor,0,0,0,-1.8046929,-0.67169702,1
Lucas Nogueira,tor,390,78,7.126075731497418,-0.7795942340791738,3.9878138554216864,1
Norman Powell,tor,2184,78,26.534618755477652,-0.6985201687116565,-0.38696495398773,1
OG Anunoby,tor,315,63,7.48199954138959,-1.4793739165329052,0.2046818619582665,1
Pascal Siakam,tor,1404,78,17.941694169416945,-1.6712080858085812,1.0419088283828382,1
Serge Ibaka,tor,2310,77,28.979612640163097,-0.42144434250764523,0.4613237003058103,1
Alec Burks,uta,250,50,6.333814333814335,-1.4229420875420877,-0.6126909090909091,1
Dante Exum,uta,1300,65,20,-0.609838,-0.6272703,0
Derrick Favors,uta,1752,73,25.069444444444446,-1.3179306944444444,1.5946977083333334,1
Donovan Mitchell,uta,1560,78,21.032608695652176,-2.0608572463768113,-0.6948460144927536,1
Ekpe Udoh,uta,936,78,12.29084564860427,-3.238811165845649,3.2276412151067326,1
Joe Ingles,uta,1872,78,26.03840970350404,0.48364433962264153,1.4224205525606468,1
Joe Johnson,uta,1560,78,19.818837314105455,-1.2243358044164037,-0.6904529968454258,0
Joel Bolomboy,mil,256,78,3,-1.4168173,-0.4939022,1
Jonas Jerebko,uta,936,78,11.816793893129772,-1.375468893129771,0.2423446564885496,1
Nate Wolters,uta,0,0,0,-0.42848134,-0.19816421,1
Raul Neto,uta,780,78,10.080882352941176,-1.1940009191176468,-0.11682113970588232,1
Ricky Rubio,uta,2272,71,32.61363636363637,2.0858271428571427,1.0444296103896105,1
Rodney Hood,uta,1971,73,26.68603465851172,0.503575993883792,-0.96104625382263,1
Rudy Gobert,uta,2541,77,33.48790322580645,-0.22047941935483872,5.248163225806452,1
Thabo Sefolosha,uta,1460,73,20.626104565537553,-1.9972331369661263,2.1685332842415317,1
Tony Bradley,uta,234,78,3,-2.0040603,-0.583974,1
Bradley Beal,was,2590,74,34.41139734582358,3.0636592896174863,-1.2566495218579237,1
Chris McCullough,was,0,0,0.09664694280078896,-1.1228967455621304,1.2656306706114397,1
Devin Robinson,was,0,0,0,-2.6873717,-0.29276559,0
Donald Sloan,,0,0,0,-0.49456728,-1.5629789,1
Ian Mahinmi,was,1608,67,22.327080327080328,-2.280964393939394,2.716700084175084,1
Jason Smith,was,1170,78,14.705128205128204,-2.5762195054945054,0.4311949633699633,1
Jodie Meeks,was,700,50,14.805111821086262,-0.5977169329073483,-1.5766874600638976,1
John Wall,was,2808,78,35.71734967445423,2.6572025469168903,-0.246218163538874,1
Kelly Oubre Jr.,was,1560,78,20,-1.0254762,-0.590722,1
Marcin Gortat,was,2184,78,29.000794754619513,-1.4456850486787205,1.6058899165507652,1
Markieff Morris,was,2108,68,31,-1.0739514,1.3287562,1
Mike Scott,was,662,76,11.868131868131867,-1.8271832307692306,-0.6480799230769231,1
Otto Porter Jr.,was,2496,78,32,2.1438594,0.8090562,1
Sheldon McClellan,,0,0,0,-1.459017,-0.60327774,1
Tim Frazier,was,1170,78,14.880952380952381,-0.6459946666666667,-1.1818841666666666,1
Tomas Satoransky,was,624,78,8.471014492753623,-1.4453803442028985,0.017323188405797097,1
